,location_id,neighbourhood_id,total_traffic_volume,total_median_income,labor_force_amount
0,3969,1,13663,33600,18405
1,3970,1,75871,33600,18405
2,3971,1,28496,33600,18405
3,3972,1,27930,33600,18405
4,3973,1,21627,33600,18405
5,4238,1,7757,33600,18405
6,4239,1,5653,33600,18405
7,4436,1,16913,33600,18405
8,4438,1,11706,33600,18405
9,4440,1,47325,33600,18405
10,4672,1,31220,33600,18405
11,4807,1,40171,33600,18405
12,4808,1,35185,33600,18405
13,5038,1,8035,33600,18405
14,5093,1,7287,33600,18405
15,5094,1,3426,33600,18405
16,5095,1,9884,33600,18405
17,5117,1,96862,33600,18405
18,5121,1,13206,33600,18405
19,5122,1,19657,33600,18405
20,5123,1,17253,33600,18405
21,5125,1,12401,33600,18405
22,5162,1,19401,33600,18405
23,5485,1,2743,33600,18405
24,5547,1,20838,33600,18405
25,5599,1,29871,33600,18405
26,5718,1,8082,33600,18405
27,5782,1,24615,33600,18405
28,5783,1,16921,33600,18405
29,5786,1,43082,33600,18405
30,5962,1,3295,33600,18405
31,6111,1,3552,33600,18405
32,9815,1,3044,33600,18405
33,11244,1,3123,33600,18405
34,11245,1,3116,33600,18405
35,11308,1,12734,33600,18405
36,13554,1,4735,33600,18405
37,25111,1,3944,33600,18405
38,30709,1,9321,33600,18405
39,34793,1,2324,33600,18405
40,35270,1,16010,33600,18405
41,35404,1,5920,33600,18405
42,35747,1,5225,33600,18405
43,38018,1,1620,33600,18405
44,39033,1,10636,33600,18405
45,40516,1,7885,33600,18405
46,41290,1,3520,33600,18405
47,41296,1,3877,33600,18405
48,42443,1,2688,33600,18405
49,43128,1,3714,33600,18405
50,43410,1,13082,33600,18405
51,43652,1,6586,33600,18405
52,50109,1,6497,33600,18405
53,4327,2,11051,29600,14360
54,4439,2,6751,29600,14360
55,4728,2,8758,29600,14360
56,5127,2,8321,29600,14360
57,5182,2,16631,29600,14360
58,5506,2,31235,29600,14360
59,5507,2,75321,29600,14360
60,5746,2,23048,29600,14360
61,5978,2,7237,29600,14360
62,12899,2,2653,29600,14360
63,26876,2,8397,29600,14360
64,31848,2,1660,29600,14360
65,32482,2,6890,29600,14360
66,43030,2,4568,29600,14360
67,4317,3,41122,32800,4990
68,5126,3,10730,32800,4990
69,6191,3,10350,32800,4990
70,20296,3,14362,32800,4990
71,42301,3,12129,32800,4990
72,43550,3,942,32800,4990
73,4318,4,13525,33600,5305
74,4727,4,10490,33600,5305
75,5124,4,12145,33600,5305
76,5505,4,10470,33600,5305
77,12902,4,20805,33600,5305
78,16365,4,13322,33600,5305
79,30710,4,9716,33600,5305
80,41324,4,738,33600,5305
81,43557,4,10510,33600,5305
82,5525,5,4477,34400,4425
83,5784,5,3907,34400,4425
84,6177,5,3544,34400,4425
85,28287,5,29216,34400,4425
86,41619,5,5816,34400,4425
87,42304,5,17103,34400,4425
88,4354,6,11847,34400,10525
89,5120,6,13817,34400,10525
90,5147,6,12053,34400,10525
91,5448,6,32876,34400,10525
92,5450,6,3445,34400,10525
93,5719,6,28597,34400,10525
94,6469,6,13662,34400,10525
95,25913,6,3789,34400,10525
96,28980,6,13296,34400,10525
97,30708,6,10407,34400,10525
98,41629,6,731,34400,10525
99,41678,6,1284,34400,10525
100,42953,6,1549,34400,10525
101,4297,7,4799,40800,11040
102,4325,7,20717,40800,11040
103,4326,7,25615,40800,11040
104,4584,7,48942,40800,11040
105,4726,7,9711,40800,11040
106,4980,7,26694,40800,11040
107,5039,7,3650,40800,11040
108,5504,7,43781,40800,11040
109,5977,7,51133,40800,11040
110,6441,7,11847,40800,11040
111,6458,7,14146,40800,11040
112,22742,7,9517,40800,11040
113,22752,7,2609,40800,11040
114,37596,7,7008,40800,11040
115,43334,7,9883,40800,11040
116,4391,8,50460,40400,4995
117,4393,8,4547,40400,4995
118,4394,8,43082,40400,4995
119,5026,8,59973,40400,4995
120,5169,8,19071,40400,4995
121,5170,8,17708,40400,4995
122,5558,8,21960,40400,4995
123,5562,8,8926,40400,4995
124,6165,8,2509,40400,4995
125,31854,8,6704,40400,4995
126,33253,8,8342,40400,4995
127,34505,8,10601,40400,4995
128,38106,8,2509,40400,4995
129,43133,8,8050,40400,4995
130,43329,8,4517,40400,4995
131,43330,8,843,40400,4995
132,43339,8,8248,40400,4995
133,50112,8,2928,40400,4995
134,4378,9,38118,48400,8105
135,4379,9,19158,48400,8105
136,4981,9,38777,48400,8105
137,5176,9,3710,48400,8105
138,5993,9,15039,48400,8105
139,6193,9,29943,48400,8105
140,11540,9,15082,48400,8105
141,11562,9,15764,48400,8105
142,11763,9,9618,48400,8105
143,12160,9,8563,48400,8105
144,31007,9,10943,48400,8105
145,33249,9,13434,48400,8105
146,38936,9,16979,48400,8105
147,41597,9,2935,48400,8105
148,42940,9,1690,48400,8105
149,43332,9,1724,48400,8105
150,4296,10,10013,58800,5880
151,4323,10,40966,58800,5880
152,4324,10,9831,58800,5880
153,6468,10,10047,58800,5880
154,31868,10,1631,58800,5880
155,37599,10,11008,58800,5880
156,41592,10,9318,58800,5880
157,43327,10,2234,58800,5880
158,5386,11,26737,44400,9770
159,31867,11,1672,44400,9770
160,41589,11,5578,44400,9770
161,43528,11,831,44400,9770
162,50061,11,3628,44400,9770
163,4537,12,22079,46800,5215
164,38154,12,13524,46800,5215
165,38557,12,10451,46800,5215
166,4263,13,5334,39200,6495
167,28971,13,4750,39200,6495
168,38809,13,5399,39200,6495
169,43336,13,5622,39200,6495
170,4512,15,14773,74500,4595
171,4888,15,18754,74500,4595
172,5141,15,3583,74500,4595
173,5296,15,36787,74500,4595
174,6477,15,9656,74500,4595
175,7341,15,20979,74500,4595
176,32815,15,23107,74500,4595
177,37770,15,7184,74500,4595
178,39027,15,4884,74500,4595
179,41593,15,1219,74500,4595
180,43087,15,12248,74500,4595
181,43088,15,12317,74500,4595
182,43090,15,15423,74500,4595
183,43417,15,8539,74500,4595
184,43650,15,6056,74500,4595
185,43657,15,2842,74500,4595
186,4475,16,23754,48400,14045
187,4897,16,71516,48400,14045
188,5168,16,19416,48400,14045
189,5271,16,64245,48400,14045
190,5309,16,33955,48400,14045
191,5559,16,15224,48400,14045
192,6046,16,14644,48400,14045
193,6471,16,14424,48400,14045
194,11724,16,17233,48400,14045
195,12173,16,15157,48400,14045
196,26664,16,14522,48400,14045
197,28054,16,12180,48400,14045
198,33919,16,15732,48400,14045
199,33981,16,13861,48400,14045
200,33983,16,947,48400,14045
201,34508,16,3002,48400,14045
202,36802,16,25702,48400,14045
203,36883,16,16206,48400,14045
204,38057,16,15220,48400,14045
205,38066,16,15464,48400,14045
206,38071,16,15551,48400,14045
207,38556,16,15305,48400,14045
208,41878,16,2629,48400,14045
209,41922,16,35280,48400,14045
210,41979,16,2783,48400,14045
211,41980,16,326,48400,14045
212,41981,16,6796,48400,14045
213,42006,16,4327,48400,14045
214,42071,16,1375,48400,14045
215,42303,16,8330,48400,14045
216,42309,16,7933,48400,14045
217,43033,16,2857,48400,14045
218,43089,16,15696,48400,14045
219,43159,16,6077,48400,14045
220,43647,16,8378,48400,14045
221,43649,16,17763,48400,14045
222,43651,16,9966,48400,14045
223,43655,16,9196,48400,14045
224,43656,16,6604,48400,14045
225,43658,16,9012,48400,14045
226,5118,18,10357,37600,6190
227,5160,18,3110,37600,6190
228,5501,18,11964,37600,6190
229,5526,18,8920,37600,6190
230,5975,18,10953,37600,6190
231,11133,18,7762,37600,6190
232,21666,18,14741,37600,6190
233,41246,18,8375,37600,6190
234,41908,18,2074,37600,6190
235,42300,18,282,37600,6190
236,3934,19,12286,46000,6770
237,4286,19,13315,46000,6770
238,4407,19,40089,46000,6770
239,34934,19,4609,46000,6770
240,4707,20,30760,45200,6940
241,4836,20,7390,45200,6940
242,5205,20,17336,45200,6940
243,5477,20,12960,45200,6940
244,5729,20,12539,45200,6940
245,5957,20,11332,45200,6940
246,7281,20,18452,45200,6940
247,24210,20,5782,45200,6940
248,41363,20,22550,45200,6940
249,43191,20,1010,45200,6940
250,43331,20,1121,45200,6940
251,43529,20,2917,45200,6940
252,43646,20,12273,45200,6940
253,4352,21,16364,31200,5770
254,4360,21,87380,31200,5770
255,4838,21,10965,31200,5770
256,4839,21,5410,31200,5770
257,6024,21,6263,31200,5770
258,6178,21,11571,31200,5770
259,4427,22,14302,32400,8220
260,5111,22,19761,32400,8220
261,5549,22,82975,32400,8220
262,33866,22,13162,32400,8220
263,35340,22,8515,32400,8220
264,41355,22,13849,32400,8220
265,42302,22,6372,32400,8220
266,43549,22,824,32400,8220
267,4804,23,20996,39600,5970
268,6252,23,20991,39600,5970
269,11211,23,21156,39600,5970
270,43434,23,1200,39600,5970
271,4491,24,60666,29400,9045
272,42452,24,1865,29400,9045
273,6135,25,10014,30400,13575
274,41594,25,5329,30400,13575
275,4055,27,6861,32400,14995
276,4076,27,15789,32400,14995
277,4077,27,25658,32400,14995
278,4078,27,14654,32400,14995
279,4079,27,13558,32400,14995
280,4094,27,8977,32400,14995
281,4095,27,8542,32400,14995
282,4107,27,69446,32400,14995
283,4369,27,12801,32400,14995
284,4370,27,44695,32400,14995
285,4403,27,38473,32400,14995
286,4524,27,15473,32400,14995
287,4525,27,114649,32400,14995
288,4909,27,13554,32400,14995
289,4910,27,12685,32400,14995
290,5181,27,61593,32400,14995
291,5375,27,56458,32400,14995
292,5554,27,1738,32400,14995
293,5579,27,35083,32400,14995
294,6010,27,34451,32400,14995
295,6138,27,17023,32400,14995
296,6424,27,5743,32400,14995
297,6476,27,5117,32400,14995
298,11678,27,14375,32400,14995
299,12230,27,9170,32400,14995
300,22733,27,13699,32400,14995
301,28004,27,27747,32400,14995
302,29710,27,9469,32400,14995
303,30151,27,6040,32400,14995
304,30154,27,4889,32400,14995
305,30155,27,4848,32400,14995
306,30635,27,4697,32400,14995
307,32254,27,5160,32400,14995
308,32479,27,5713,32400,14995
309,32586,27,10590,32400,14995
310,33850,27,5255,32400,14995
311,36086,27,5691,32400,14995
312,38560,27,4132,32400,14995
313,41260,27,4180,32400,14995
314,41591,27,4275,32400,14995
315,42305,27,17458,32400,14995
316,42428,27,7974,32400,14995
317,42448,27,2719,32400,14995
318,42956,27,2526,32400,14995
319,50085,27,5142,32400,14995
320,4488,28,21953,31400,4135
321,5023,28,18267,31400,4135
322,5612,28,19962,31400,4135
323,16487,28,6331,31400,4135
324,4068,29,24251,37200,4985
325,4074,29,61179,37200,4985
326,4521,29,18007,37200,4985
327,5320,29,17804,37200,4985
328,5439,29,22594,37200,4985
329,5825,29,17864,37200,4985
330,5826,29,16823,37200,4985
331,6053,29,22113,37200,4985
332,25371,29,4210,37200,4985
333,43476,29,3156,37200,4985
334,50068,29,2331,37200,4985
335,3940,30,74606,34400,8470
336,3974,30,8726,34400,8470
337,4219,30,9853,34400,8470
338,4982,30,163745,34400,8470
339,5318,30,16071,34400,8470
340,5646,30,13192,34400,8470
341,5710,30,16153,34400,8470
342,5933,30,20527,34400,8470
343,5934,30,20961,34400,8470
344,12044,30,6627,34400,8470
345,12104,30,6270,34400,8470
346,31240,30,7238,34400,8470
347,31832,30,7179,34400,8470
348,31852,30,10995,34400,8470
349,41621,30,2995,34400,8470
350,42442,30,13875,34400,8470
351,42939,30,2698,34400,8470
352,43441,30,8247,34400,8470
353,4084,31,11232,36400,8900
354,4102,31,21850,36400,8900
355,4947,31,29026,36400,8900
356,4960,31,11978,36400,8900
357,5373,31,10006,36400,8900
358,5428,31,62922,36400,8900
359,5671,31,29954,36400,8900
360,5711,31,14570,36400,8900
361,5712,31,13995,36400,8900
362,5870,31,20983,36400,8900
363,6173,31,20934,36400,8900
364,6395,31,10942,36400,8900
365,12229,31,12867,36400,8900
366,14548,31,15579,36400,8900
367,16758,31,8773,36400,8900
368,23247,31,10353,36400,8900
369,31902,31,16160,36400,8900
370,36665,31,7688,36400,8900
371,41109,31,2623,36400,8900
372,41396,31,20531,36400,8900
373,50059,31,4178,36400,8900
374,50080,31,28080,36400,8900
375,50081,31,10449,36400,8900
376,50110,31,1985,36400,8900
377,4147,32,26319,37200,10165
378,4624,32,37534,37200,10165
379,4961,32,21176,37200,10165
380,5024,32,22439,37200,10165
381,32790,32,16862,37200,10165
382,34290,32,2221,37200,10165
383,36664,32,7575,37200,10165
384,41247,32,6329,37200,10165
385,41395,32,21086,37200,10165
386,41462,32,18472,37200,10165
387,41606,32,1972,37200,10165
388,41919,32,1678,37200,10165
389,42965,32,2190,37200,10165
390,42973,32,2925,37200,10165
391,43595,32,15556,37200,10165
392,50114,32,5277,37200,10165
393,4592,33,14050,42000,10055
394,4698,33,44303,42000,10055
395,4699,33,27115,42000,10055
396,4948,33,38819,42000,10055
397,4987,33,14726,42000,10055
398,5677,33,15785,42000,10055
399,5948,33,59009,42000,10055
400,5973,33,120659,42000,10055
401,6066,33,49851,42000,10055
402,6120,33,74352,42000,10055
403,6454,33,24599,42000,10055
404,12129,33,30058,42000,10055
405,31349,33,3586,42000,10055
406,39035,33,13095,42000,10055
407,41219,33,3623,42000,10055
408,41348,33,98080,42000,10055
409,41352,33,965,42000,10055
410,41744,33,6517,42000,10055
411,42072,33,902,42000,10055
412,43053,33,14600,42000,10055
413,43207,33,3618,42000,10055
414,4106,34,16252,37600,8880
415,4123,34,27637,37600,8880
416,4149,34,34803,37600,8880
417,4371,34,135306,37600,8880
418,4949,34,5987,37600,8880
419,5857,34,6669,37600,8880
420,5859,34,5962,37600,8880
421,5868,34,31640,37600,8880
422,5905,34,37123,37600,8880
423,24919,34,16333,37600,8880
424,32570,34,6346,37600,8880
425,32577,34,6719,37600,8880
426,35339,34,5307,37600,8880
427,38051,34,11009,37600,8880
428,42016,34,858,37600,8880
429,42062,34,5223,37600,8880
430,42064,34,688,37600,8880
431,42065,34,377,37600,8880
432,42066,34,857,37600,8880
433,42067,34,783,37600,8880
434,42068,34,3002,37600,8880
435,42069,34,1867,37600,8880
436,42904,34,1235,37600,8880
437,43040,34,427,37600,8880
438,43135,34,1437,37600,8880
439,43136,34,768,37600,8880
440,43137,34,525,37600,8880
441,43138,34,667,37600,8880
442,43139,34,477,37600,8880
443,43203,34,268,37600,8880
444,43310,34,5939,37600,8880
445,50070,34,489,37600,8880
446,50086,34,2562,37600,8880
447,50087,34,946,37600,8880
448,5165,35,7087,33600,13620
449,5908,35,21676,33600,13620
450,5998,35,7558,33600,13620
451,22810,35,35969,33600,13620
452,32478,35,6807,33600,13620
453,43354,35,2460,33600,13620
454,43429,35,2113,33600,13620
455,43430,35,3392,33600,13620
456,43538,35,20184,33600,13620
457,4400,36,31969,32800,13110
458,4990,36,45332,32800,13110
459,5555,36,28546,32800,13110
460,5769,36,24156,32800,13110
461,5909,36,18885,32800,13110
462,6080,36,20456,32800,13110
463,6127,36,52933,32800,13110
464,6229,36,14934,32800,13110
465,6317,36,18615,32800,13110
466,36005,36,20942,32800,13110
467,41285,36,16237,32800,13110
468,42306,36,21060,32800,13110
469,42418,36,4370,32800,13110
470,42419,36,4090,32800,13110
471,42528,36,20419,32800,13110
472,43552,36,5742,32800,13110
473,4150,37,40475,37600,9340
474,4372,37,5714,37600,9340
475,4588,37,18211,37600,9340
476,4755,37,5480,37600,9340
477,4989,37,16951,37600,9340
478,5906,37,16775,37600,9340
479,6123,37,4877,37600,9340
480,6227,37,25853,37600,9340
481,11670,37,5836,37600,9340
482,30713,37,7050,37600,9340
483,31580,37,5358,37600,9340
484,41287,37,14634,37600,9340
485,42011,37,4560,37600,9340
486,42420,37,3883,37600,9340
487,42421,37,3347,37600,9340
488,43140,37,2252,37600,9340
489,4148,38,18868,45200,9135
490,4666,38,17473,45200,9135
491,4988,38,114285,45200,9135
492,5401,38,84704,45200,9135
493,5412,38,12485,45200,9135
494,5500,38,8812,45200,9135
495,5691,38,15082,45200,9135
496,5928,38,7346,45200,9135
497,6296,38,14413,45200,9135
498,12211,38,3232,45200,9135
499,31102,38,3833,45200,9135
500,36716,38,12692,45200,9135
501,41613,38,1371,45200,9135
502,41624,38,1312,45200,9135
503,41625,38,746,45200,9135
504,41626,38,1690,45200,9135
505,42012,38,4108,45200,9135
506,42907,38,1440,45200,9135
507,4146,39,19002,54000,11320
508,4196,39,176170,54000,11320
509,4587,39,17708,54000,11320
510,4591,39,14673,54000,11320
511,4608,39,25379,54000,11320
512,4625,39,16012,54000,11320
513,5007,39,86285,54000,11320
514,5008,39,17798,54000,11320
515,5079,39,10158,54000,11320
516,5417,39,18242,54000,11320
517,5418,39,20586,54000,11320
518,5420,39,19903,54000,11320
519,5466,39,18602,54000,11320
520,5898,39,18102,54000,11320
521,5901,39,19030,54000,11320
522,5925,39,19677,54000,11320
523,5926,39,19132,54000,11320
524,6087,39,19504,54000,11320
525,6304,39,21060,54000,11320
526,7329,39,34875,54000,11320
527,7349,39,15041,54000,11320
528,11722,39,15226,54000,11320
529,33397,39,15709,54000,11320
530,39335,39,762,54000,11320
531,39337,39,1826,54000,11320
532,42334,39,8154,54000,11320
533,42335,39,970,54000,11320
534,42336,39,1883,54000,11320
535,42337,39,2001,54000,11320
536,42338,39,752,54000,11320
537,42384,39,3513,54000,11320
538,42412,39,3118,54000,11320
539,42413,39,3465,54000,11320
540,42441,39,16179,54000,11320
541,42617,39,3255,54000,11320
542,43049,39,16351,54000,11320
543,43051,39,621,54000,11320
544,43052,39,607,54000,11320
545,43209,39,2917,54000,11320
546,43397,39,4600,54000,11320
547,43527,39,1833,54000,11320
548,4222,40,11114,46400,8680
549,4271,40,20890,46400,8680
550,4281,40,88879,46400,8680
551,4331,40,37993,46400,8680
552,4665,40,48732,46400,8680
553,5080,40,18723,46400,8680
554,5131,40,49293,46400,8680
555,5517,40,29208,46400,8680
556,5949,40,17966,46400,8680
557,5950,40,18617,46400,8680
558,6102,40,37377,46400,8680
559,6107,40,22894,46400,8680
560,28473,40,7334,46400,8680
561,31277,40,5597,46400,8680
562,31475,40,7083,46400,8680
563,41923,40,2367,46400,8680
564,41924,40,2847,46400,8680
565,43553,40,2640,46400,8680
566,4278,41,22529,72000,4435
567,4618,41,24443,72000,4435
568,4664,41,5133,72000,4435
569,5471,41,22990,72000,4435
570,5731,41,20791,72000,4435
571,6105,41,7191,72000,4435
572,6261,41,17127,72000,4435
573,11205,41,11746,72000,4435
574,22723,41,12043,72000,4435
575,39510,41,1811,72000,4435
576,41110,41,16885,72000,4435
577,42444,41,5063,72000,4435
578,42611,41,1909,72000,4435
579,42612,41,22258,72000,4435
580,42613,41,22060,72000,4435
581,42974,41,9718,72000,4435
582,4340,42,27513,46400,13770
583,4342,42,49751,46400,13770
584,4343,42,114893,46400,13770
585,4736,42,38011,46400,13770
586,4737,42,54546,46400,13770
587,5081,42,16846,46400,13770
588,5130,42,30987,46400,13770
589,5134,42,54548,46400,13770
590,5406,42,9878,46400,13770
591,5434,42,55747,46400,13770
592,5436,42,57596,46400,13770
593,5519,42,32919,46400,13770
594,5520,42,85304,46400,13770
595,5725,42,32952,46400,13770
596,5951,42,21358,46400,13770
597,6216,42,41647,46400,13770
598,6293,42,30689,46400,13770
599,12009,42,11637,46400,13770
600,27805,42,6970,46400,13770
601,29723,42,13259,46400,13770
602,38925,42,15062,46400,13770
603,38989,42,14956,46400,13770
604,39104,42,27823,46400,13770
605,39750,42,10195,46400,13770
606,4414,43,10573,34000,8580
607,4589,43,33684,34000,8580
608,5378,43,10329,34000,8580
609,5384,43,18604,34000,8580
610,5432,43,50480,34000,8580
611,6379,43,8543,34000,8580
612,41380,43,3454,34000,8580
613,41622,43,4730,34000,8580
614,43363,43,10901,34000,8580
615,4967,44,13309,30400,10490
616,5516,44,84740,30400,10490
617,5681,44,19427,30400,10490
618,5748,44,40342,30400,10490
619,27807,44,3487,30400,10490
620,27808,44,5368,30400,10490
621,41907,44,15397,30400,10490
622,43432,44,16109,30400,10490
623,43622,44,785,30400,10490
624,43623,44,720,30400,10490
625,43624,44,902,30400,10490
626,43625,44,1049,30400,10490
627,43626,44,973,30400,10490
628,43627,44,2684,30400,10490
629,50099,44,16402,30400,10490
630,4367,46,19057,34400,7730
631,43127,46,16284,34400,7730
632,4332,47,13747,34800,14030
633,4363,47,34064,34800,14030
634,4738,47,14408,34800,14030
635,4739,47,50421,34800,14030
636,4740,47,49003,34800,14030
637,5513,47,25757,34800,14030
638,5543,47,57648,34800,14030
639,5750,47,25269,34800,14030
640,5751,47,31512,34800,14030
641,5752,47,33121,34800,14030
642,5754,47,13019,34800,14030
643,5985,47,13059,34800,14030
644,22572,47,26045,34800,14030
645,25383,47,15355,34800,14030
646,41376,47,6123,34800,14030
647,41461,47,1462,34800,14030
648,41580,47,1557,34800,14030
649,42388,47,3600,34800,14030
650,42906,47,3232,34800,14030
651,43583,47,16802,34800,14030
652,50084,47,4249,34800,14030
653,4345,48,30506,34400,7545
654,4741,48,44695,34400,7545
655,4742,48,165338,34400,7545
656,5515,48,19170,34400,7545
657,5534,48,30763,34400,7545
658,5563,48,50953,34400,7545
659,5573,48,89376,34400,7545
660,5755,48,10667,34400,7545
661,6247,48,75446,34400,7545
662,13986,48,9650,34400,7545
663,33532,48,2569,34400,7545
664,42387,48,18061,34400,7545
665,4284,49,67393,38000,5795
666,5511,49,54293,38000,5795
667,11346,49,9741,38000,5795
668,41209,49,4653,38000,5795
669,50117,49,1539,38000,5795
670,4233,50,6113,34000,8235
671,4669,50,3033,34000,8235
672,4670,50,7921,34000,8235
673,5050,50,10342,34000,8235
674,5060,50,12525,34000,8235
675,5717,50,57519,34000,8235
676,5944,50,21373,34000,8235
677,6006,50,33290,34000,8235
678,6237,50,6186,34000,8235
679,6238,50,6375,34000,8235
680,31100,50,4293,34000,8235
681,31862,50,3131,34000,8235
682,38009,50,7359,34000,8235
683,39613,50,6948,34000,8235
684,41159,50,3326,34000,8235
685,41161,50,34202,34000,8235
686,42008,50,20981,34000,8235
687,42389,50,20869,34000,8235
688,42416,50,6630,34000,8235
689,42417,50,3825,34000,8235
690,42427,50,1599,34000,8235
691,43046,50,1495,34000,8235
692,50071,50,534,34000,8235
693,5728,52,22262,43200,12940
694,6295,52,17595,43200,12940
695,22620,52,20699,43200,12940
696,27229,52,13867,43200,12940
697,37196,52,21488,43200,12940
698,41322,52,9550,43200,12940
699,41579,52,2466,43200,12940
700,50113,52,1218,43200,12940
701,3983,53,28903,38400,12015
702,4311,53,15352,38400,12015
703,4344,53,53518,38400,12015
704,5491,53,46297,38400,12015
705,5492,53,47497,38400,12015
706,5739,53,46106,38400,12015
707,5749,53,31581,38400,12015
708,5963,53,7061,38400,12015
709,28042,53,1526,38400,12015
710,28048,53,1032,38400,12015
711,41325,53,1505,38400,12015
712,41339,53,710,38400,12015
713,41340,53,749,38400,12015
714,50076,53,4980,38400,12015
715,3943,54,23725,37600,9300
716,4783,54,11190,37600,9300
717,5340,54,12456,37600,9300
718,5377,54,8750,37600,9300
719,5770,54,14351,37600,9300
720,11761,54,7817,37600,9300
721,12015,54,8568,37600,9300
722,25723,54,7478,37600,9300
723,31339,54,1178,37600,9300
724,35962,54,650,37600,9300
725,38706,54,685,37600,9300
726,38707,54,2602,37600,9300
727,41307,54,317,37600,9300
728,42521,54,12000,37600,9300
729,42522,54,11732,37600,9300
730,4117,55,55352,29400,8700
731,4567,55,27683,29400,8700
732,4720,55,15156,29400,8700
733,4957,55,65091,29400,8700
734,11680,55,23587,29400,8700
735,27425,55,4608,29400,8700
736,4275,56,13694,64000,8925
737,4276,56,16429,64000,8925
738,4570,56,64245,64000,8925
739,4702,56,37458,64000,8925
740,4962,56,6701,64000,8925
741,4970,56,12629,64000,8925
742,4972,56,21531,64000,8925
743,5376,56,7872,64000,8925
744,6104,56,11333,64000,8925
745,6200,56,6062,64000,8925
746,6241,56,11696,64000,8925
747,6462,56,2969,64000,8925
748,11867,56,5984,64000,8925
749,11885,56,17965,64000,8925
750,11904,56,6299,64000,8925
751,11910,56,8434,64000,8925
752,11916,56,3094,64000,8925
753,12068,56,13427,64000,8925
754,12220,56,9820,64000,8925
755,26345,56,3543,64000,8925
756,26567,56,3394,64000,8925
757,26863,56,6443,64000,8925
758,29433,56,2534,64000,8925
759,29434,56,1196,64000,8925
760,29435,56,3383,64000,8925
761,34719,56,2344,64000,8925
762,42429,56,4676,64000,8925
763,42552,56,8448,64000,8925
764,42553,56,3547,64000,8925
765,42554,56,3951,64000,8925
766,42555,56,5651,64000,8925
767,42556,56,1133,64000,8925
768,42557,56,1633,64000,8925
769,42558,56,2279,64000,8925
770,42951,56,7129,64000,8925
771,42994,56,2868,64000,8925
772,50065,56,1119,64000,8925
773,4293,57,10098,38800,6250
774,5483,57,124003,38800,6250
775,5484,57,8908,38800,6250
776,5965,57,7044,38800,6250
777,11673,57,7081,38800,6250
778,12048,57,7938,38800,6250
779,24877,57,6629,38800,6250
780,28281,57,7912,38800,6250
781,28960,57,7729,38800,6250
782,28979,57,6760,38800,6250
783,29503,57,1537,38800,6250
784,32089,57,6972,38800,6250
785,38151,57,11507,38800,6250
786,38153,57,23722,38800,6250
787,41305,57,868,38800,6250
788,42073,57,1793,38800,6250
789,43536,57,7004,38800,6250
790,43537,57,4165,38800,6250
791,50091,57,6765,38800,6250
792,3941,58,20145,44400,4960
793,4784,58,157352,44400,4960
794,4964,58,17846,44400,4960
795,5100,58,16306,44400,4960
796,5116,58,60707,44400,4960
797,5759,58,2696,44400,4960
798,6385,58,20085,44400,4960
799,11922,58,16939,44400,4960
800,12289,58,6900,44400,4960
801,23979,58,1719,44400,4960
802,24620,58,3876,44400,4960
803,26001,58,28307,44400,4960
804,42957,58,10280,44400,4960
805,4315,59,13630,46400,9430
806,4316,59,25757,46400,9430
807,4346,59,16809,46400,9430
808,4349,59,129760,46400,9430
809,4743,59,29087,46400,9430
810,5139,59,6297,46400,9430
811,5524,59,3096,46400,9430
812,5744,59,23698,46400,9430
813,5762,59,5532,46400,9430
814,5768,59,41777,46400,9430
815,6407,59,1083,46400,9430
816,6408,59,1429,46400,9430
817,6411,59,6475,46400,9430
818,6610,59,28425,46400,9430
819,9801,59,2022,46400,9430
820,9803,59,2453,46400,9430
821,11747,59,2873,46400,9430
822,11998,59,1132,46400,9430
823,14978,59,5500,46400,9430
824,32384,59,8604,46400,9430
825,41319,59,2954,46400,9430
826,42019,59,1260,46400,9430
827,4380,60,22997,46400,4415
828,5172,60,72047,46400,4415
829,6267,60,5560,46400,4415
830,14977,60,14024,46400,4415
831,26004,60,298,46400,4415
832,31530,60,9432,46400,4415
833,42986,60,643,46400,4415
834,42991,60,914,46400,4415
835,43047,60,449,46400,4415
836,3977,61,365841,32400,7830
837,4067,61,56161,32400,7830
838,4517,61,42773,32400,7830
839,5174,61,6976,32400,7830
840,5560,61,40832,32400,7830
841,5771,61,5899,32400,7830
842,6611,61,2698,32400,7830
843,30282,61,9886,32400,7830
844,35189,61,2382,32400,7830
845,4383,62,203507,46000,12405
846,4422,62,12194,46000,12405
847,4816,62,35092,46000,12405
848,4902,62,10002,46000,12405
849,5313,62,11064,46000,12405
850,5644,62,191242,46000,12405
851,5645,62,153877,46000,12405
852,5767,62,28432,46000,12405
853,5824,62,21670,46000,12405
854,6002,62,106673,46000,12405
855,11696,62,7440,46000,12405
856,11898,62,1405,46000,12405
857,23204,62,11465,46000,12405
858,23970,62,20960,46000,12405
859,27723,62,2103,46000,12405
860,28464,62,11547,46000,12405
861,38984,62,4728,46000,12405
862,43045,62,1981,46000,12405
863,43322,62,5881,46000,12405
864,4381,63,103433,61200,12215
865,4759,63,39251,61200,12215
866,4760,63,46511,61200,12215
867,5508,63,26287,61200,12215
868,5521,63,8910,61200,12215
869,5758,63,20551,61200,12215
870,5766,63,108452,61200,12215
871,6368,63,79639,61200,12215
872,11695,63,11329,61200,12215
873,12118,63,6813,61200,12215
874,21931,63,8909,61200,12215
875,22744,63,14422,61200,12215
876,24920,63,10654,61200,12215
877,26339,63,9163,61200,12215
878,31133,63,15914,61200,12215
879,42910,63,608,61200,12215
880,43092,63,33829,61200,12215
881,4065,64,10531,50000,6745
882,4348,64,72928,50000,6745
883,5137,64,21153,50000,6745
884,5138,64,136943,50000,6745
885,5171,64,8447,50000,6745
886,5589,64,42880,50000,6745
887,5642,64,10067,50000,6745
888,5643,64,9305,50000,6745
889,5988,64,2731,50000,6745
890,6370,64,10229,50000,6745
891,11290,64,6496,50000,6745
892,11348,64,6902,50000,6745
893,38558,64,7959,50000,6745
894,41460,64,1686,50000,6745
895,42014,64,1024,50000,6745
896,43398,64,7421,50000,6745
897,43531,64,2139,50000,6745
898,4472,65,4624,44800,7725
899,4901,65,184093,44800,7725
900,5136,65,6406,44800,7725
901,5522,65,30495,44800,7725
902,5640,65,11135,44800,7725
903,5641,65,254020,44800,7725
904,5756,65,49502,44800,7725
905,5805,65,14686,44800,7725
906,5823,65,10653,44800,7725
907,7639,65,1534,44800,7725
908,20282,65,6876,44800,7725
909,20300,65,7693,44800,7725
910,29516,65,6275,44800,7725
911,30884,65,4255,44800,7725
912,39065,65,9165,44800,7725
913,41610,65,4659,44800,7725
914,43055,65,6453,44800,7725
915,43352,65,7269,44800,7725
916,5989,66,2552,46400,5065
917,30301,66,6661,46400,5065
918,42013,66,2028,46400,5065
919,5091,67,10416,49200,4365
920,13060,67,11153,49200,4365
921,29222,67,2478,49200,4365
922,29502,67,6321,49200,4365
923,38091,67,1592,49200,4365
924,43328,67,1444,49200,4365
925,4292,68,312968,54400,6345
926,4900,68,14046,54400,6345
927,5102,68,5868,54400,6345
928,5310,68,11964,54400,6345
929,5311,68,116407,54400,6345
930,5636,68,10814,54400,6345
931,11291,68,6092,54400,6345
932,23344,68,6799,54400,6345
933,27210,68,6985,54400,6345
934,27213,68,24454,54400,6345
935,32829,68,104158,54400,6345
936,42995,68,6707,54400,6345
937,4304,69,287838,38400,4000
938,5637,69,110217,38400,4000
939,5638,69,107568,38400,4000
940,6050,69,9840,38400,4000
941,33063,69,1625,38400,4000
942,41617,69,1604,38400,4000
943,50060,69,7478,38400,4000
944,50074,69,6995,38400,4000
945,4002,70,11559,48800,17350
946,4031,70,15587,48800,17350
947,4467,70,10832,48800,17350
948,4495,70,28673,48800,17350
949,4730,70,17413,48800,17350
950,4745,70,14107,48800,17350
951,4846,70,12553,48800,17350
952,4862,70,20581,48800,17350
953,5096,70,43348,48800,17350
954,5097,70,57953,48800,17350
955,5098,70,65102,48800,17350
956,5199,70,18535,48800,17350
957,5486,70,11905,48800,17350
958,5488,70,12585,48800,17350
959,5489,70,35643,48800,17350
960,5490,70,57373,48800,17350
961,5583,70,26055,48800,17350
962,5584,70,28138,48800,17350
963,5732,70,44634,48800,17350
964,5802,70,36731,48800,17350
965,5803,70,18707,48800,17350
966,5804,70,8605,48800,17350
967,5958,70,134104,48800,17350
968,5959,70,174247,48800,17350
969,5960,70,143853,48800,17350
970,6039,70,16989,48800,17350
971,6040,70,22339,48800,17350
972,6319,70,8287,48800,17350
973,6459,70,12986,48800,17350
974,11145,70,7726,48800,17350
975,11249,70,5304,48800,17350
976,11319,70,7921,48800,17350
977,12168,70,9863,48800,17350
978,16007,70,8942,48800,17350
979,20281,70,8859,48800,17350
980,20294,70,6622,48800,17350
981,23821,70,3417,48800,17350
982,24255,70,1884,48800,17350
983,28403,70,2137,48800,17350
984,41360,70,20425,48800,17350
985,41370,70,16858,48800,17350
986,41374,70,15533,48800,17350
987,41375,70,6961,48800,17350
988,42908,70,9959,48800,17350
989,42909,70,7881,48800,17350
990,43349,70,972,48800,17350
991,43350,70,580,48800,17350
992,43351,70,1097,48800,17350
993,43648,70,8939,48800,17350
994,43671,70,3532,48800,17350
995,4081,71,149090,46800,6860
996,4256,71,8565,46800,6860
997,4260,71,11877,46800,6860
998,4274,71,125674,46800,6860
999,4887,71,149515,46800,6860
1000,5048,71,25764,46800,6860
1001,5070,71,10277,46800,6860
1002,5074,71,47956,46800,6860
1003,5458,71,18315,46800,6860
1004,6098,71,16441,46800,6860
1005,28981,71,2354,46800,6860
1006,29060,71,2806,46800,6860
1007,29079,71,83737,46800,6860
1008,34507,71,11415,46800,6860
1009,42010,71,9229,46800,6860
1010,43318,71,810,46800,6860
1011,43319,71,2030,46800,6860
1012,43320,71,2226,46800,6860
1013,43321,71,2269,46800,6860
1014,43691,71,991,46800,6860
1015,4258,72,87335,33200,6810
1016,4492,72,17063,33200,6810
1017,4494,72,111659,33200,6810
1018,4861,72,167254,33200,6810
1019,5076,72,62177,33200,6810
1020,5077,72,24270,33200,6810
1021,5078,72,162610,33200,6810
1022,6038,72,56559,33200,6810
1023,11309,72,16557,33200,6810
1024,33921,72,17020,33200,6810
1025,41371,72,7742,33200,6810
1026,41372,72,14397,33200,6810
1027,41373,72,6183,33200,6810
1028,4010,73,89752,42800,14405
1029,4013,73,28366,42800,14405
1030,4242,73,95974,42800,14405
1031,4470,73,75540,42800,14405
1032,4678,73,38232,42800,14405
1033,4686,73,65888,42800,14405
1034,4687,73,56883,42800,14405
1035,4847,73,22904,42800,14405
1036,4871,73,9851,42800,14405
1037,4872,73,6925,42800,14405
1038,5046,73,36685,42800,14405
1039,5047,73,34318,42800,14405
1040,5075,73,31068,42800,14405
1041,5248,73,71205,42800,14405
1042,5281,73,24307,42800,14405
1043,6096,73,28119,42800,14405
1044,6097,73,68840,42800,14405
1045,11335,73,7481,42800,14405
1046,11750,73,20293,42800,14405
1047,12132,73,23996,42800,14405
1048,12133,73,28280,42800,14405
1049,12137,73,32612,42800,14405
1050,12164,73,7711,42800,14405
1051,12563,73,42659,42800,14405
1052,12568,73,7302,42800,14405
1053,12569,73,11985,42800,14405
1054,12571,73,13662,42800,14405
1055,12576,73,15336,42800,14405
1056,12578,73,14254,42800,14405
1057,16256,73,7037,42800,14405
1058,23697,73,8834,42800,14405
1059,23698,73,9922,42800,14405
1060,38158,73,9322,42800,14405
1061,41554,73,10084,42800,14405
1062,41555,73,8972,42800,14405
1063,41596,73,14790,42800,14405
1064,41598,73,10755,42800,14405
1065,4243,74,262546,33600,10940
1066,4250,74,12628,33600,10940
1067,5813,74,184022,33600,10940
1068,6402,74,23507,33600,10940
1069,42454,74,2089,33600,10940
1070,4035,78,9545,32400,10580
1071,4036,78,20598,32400,10580
1072,4167,78,199185,32400,10580
1073,4168,78,14394,32400,10580
1074,4169,78,16962,32400,10580
1075,4170,78,112914,32400,10580
1076,4501,78,29487,32400,10580
1077,5259,78,65844,32400,10580
1078,5291,78,30529,32400,10580
1079,5410,78,87378,32400,10580
1080,5888,78,123773,32400,10580
1081,5889,78,84482,32400,10580
1082,6072,78,15242,32400,10580
1083,6290,78,16013,32400,10580
1084,21504,78,2517,32400,10580
1085,24682,78,10591,32400,10580
1086,28987,78,6767,32400,10580
1087,28993,78,9792,32400,10580
1088,28995,78,3306,32400,10580
1089,29708,78,10119,32400,10580
1090,29709,78,9612,32400,10580
1091,35750,78,8426,32400,10580
1092,35816,78,6869,32400,10580
1093,35996,78,28023,32400,10580
1094,37968,78,7261,32400,10580
1095,41361,78,25827,32400,10580
1096,43323,78,4943,32400,10580
1097,43591,78,4346,32400,10580
1098,43592,78,5114,32400,10580
1099,43593,78,3311,32400,10580
1100,4173,79,62654,43200,4095
1101,4995,79,8747,43200,4095
1102,4997,79,58946,43200,4095
1103,5399,79,94484,43200,4095
1104,5914,79,11469,43200,4095
1105,5915,79,15153,43200,4095
1106,42410,79,10719,43200,4095
1107,43590,79,11803,43200,4095
1108,4058,80,182946,43200,8550
1109,4508,80,9559,43200,8550
1110,4513,80,74418,43200,8550
1111,5368,80,23559,43200,8550
1112,5369,80,41386,43200,8550
1113,5630,80,15573,43200,8550
1114,5649,80,43529,43200,8550
1115,5890,80,12045,43200,8550
1116,5891,80,64034,43200,8550
1117,6048,80,28995,43200,8550
1118,6068,80,19924,43200,8550
1119,6069,80,19214,43200,8550
1120,6266,80,23562,43200,8550
1121,16323,80,31316,43200,8550
1122,24766,80,9521,43200,8550
1123,26864,80,5659,43200,8550
1124,26865,80,5114,43200,8550
1125,26866,80,1438,43200,8550
1126,26867,80,2347,43200,8550
1127,30712,80,9531,43200,8550
1128,33729,80,9823,43200,8550
1129,37033,80,19039,43200,8550
1130,39506,80,2245,43200,8550
1131,41989,80,16447,43200,8550
1132,41991,80,604,43200,8550
1133,41993,80,1040,43200,8550
1134,41994,80,1599,43200,8550
1135,41995,80,1381,43200,8550
1136,42018,80,12702,43200,8550
1137,4499,81,9153,40400,9500
1138,4500,81,18881,40400,9500
1139,4870,81,101744,40400,9500
1140,4966,81,26247,40400,9500
1141,5290,81,58093,40400,9500
1142,5397,81,100796,40400,9500
1143,5616,81,24129,40400,9500
1144,5617,81,43241,40400,9500
1145,5864,81,63745,40400,9500
1146,9781,81,12914,40400,9500
1147,26225,81,9670,40400,9500
1148,26815,81,4784,40400,9500
1149,31335,81,10565,40400,9500
1150,31849,81,9201,40400,9500
1151,36003,81,4714,40400,9500
1152,36800,81,12807,40400,9500
1153,38097,81,646,40400,9500
1154,39334,81,1620,40400,9500
1155,40481,81,2260,40400,9500
1156,40482,81,5313,40400,9500
1157,40485,81,5237,40400,9500
1158,40488,81,900,40400,9500
1159,40509,81,6915,40400,9500
1160,41875,81,1701,40400,9500
1161,41910,81,646,40400,9500
1162,41911,81,536,40400,9500
1163,41912,81,238,40400,9500
1164,41915,81,29901,40400,9500
1165,41990,81,25301,40400,9500
1166,41999,81,725,40400,9500
1167,43475,81,9707,40400,9500
1168,4891,83,12847,40800,7025
1169,4935,83,96755,40800,7025
1170,5666,83,317140,40800,7025
1171,5672,83,233339,40800,7025
1172,5816,83,127464,40800,7025
1173,5817,83,279281,40800,7025
1174,5818,83,11601,40800,7025
1175,5819,83,23624,40800,7025
1176,5831,83,11744,40800,7025
1177,6170,83,68211,40800,7025
1178,8157,83,57153,40800,7025
1179,11120,83,11033,40800,7025
1180,13464,83,1898,40800,7025
1181,16350,83,2476,40800,7025
1182,16351,83,6744,40800,7025
1183,16356,83,22029,40800,7025
1184,27812,83,5659,40800,7025
1185,28416,83,1993,40800,7025
1186,32817,83,9561,40800,7025
1187,36010,83,2548,40800,7025
1188,41333,83,343,40800,7025
1189,41876,83,4217,40800,7025
1190,41905,83,6076,40800,7025
1191,41913,83,1629,40800,7025
1192,43129,83,12971,40800,7025
1193,4498,84,123272,46000,10615
1194,4865,84,24381,46000,10615
1195,5289,84,12497,46000,10615
1196,5299,84,8354,46000,10615
1197,5349,84,234758,46000,10615
1198,5833,84,29904,46000,10615
1199,6042,84,20131,46000,10615
1200,6188,84,28686,46000,10615
1201,6276,84,5123,46000,10615
1202,9775,84,8717,46000,10615
1203,9776,84,31273,46000,10615
1204,9777,84,30692,46000,10615
1205,9779,84,9135,46000,10615
1206,11215,84,8620,46000,10615
1207,11297,84,30602,46000,10615
1208,12182,84,2843,46000,10615
1209,14545,84,3845,46000,10615
1210,14868,84,1086,46000,10615
1211,16360,84,19953,46000,10615
1212,24252,84,2847,46000,10615
1213,27831,84,2267,46000,10615
1214,27834,84,2166,46000,10615
1215,31084,84,11144,46000,10615
1216,31088,84,19065,46000,10615
1217,31095,84,9342,46000,10615
1218,31344,84,8918,46000,10615
1219,37283,84,2238,46000,10615
1220,37793,84,8425,46000,10615
1221,41882,84,3454,46000,10615
1222,41883,84,3763,46000,10615
1223,41906,84,3727,46000,10615
1224,41997,84,3964,46000,10615
1225,43346,84,2203,46000,10615
1226,43356,84,1498,46000,10615
1227,43418,84,1312,46000,10615
1228,4556,85,122722,35200,12810
1229,4848,85,9832,35200,12810
1230,5194,85,27599,35200,12810
1231,5196,85,22437,35200,12810
1232,5265,85,35977,35200,12810
1233,5337,85,14929,35200,12810
1234,5850,85,86551,35200,12810
1235,6062,85,9292,35200,12810
1236,26148,85,6138,35200,12810
1237,26218,85,4515,35200,12810
1238,26219,85,2712,35200,12810
1239,26814,85,3419,35200,12810
1240,37601,85,7449,35200,12810
1241,38983,85,26058,35200,12810
1242,42440,85,6503,35200,12810
1243,42963,85,6191,35200,12810
1244,42968,85,6814,35200,12810
1245,43054,85,8225,35200,12810
1246,43153,85,12333,35200,12810
1247,43154,85,5296,35200,12810
1248,43309,85,3580,35200,12810
1249,43353,85,5595,35200,12810
1250,43506,85,6419,35200,12810
1251,4863,86,16950,45600,8815
1252,4864,86,43990,45600,8815
1253,4869,86,27896,45600,8815
1254,4917,86,18715,45600,8815
1255,4918,86,22772,45600,8815
1256,4934,86,6527,45600,8815
1257,5338,86,77902,45600,8815
1258,6310,86,8275,45600,8815
1259,24295,86,15067,45600,8815
1260,24614,86,3230,45600,8815
1261,37990,86,2059,45600,8815
1262,39956,86,25096,45600,8815
1263,41998,86,6437,45600,8815
1264,42944,86,425,45600,8815
1265,43186,86,636,45600,8815
1266,43187,86,1390,45600,8815
1267,43188,86,2681,45600,8815
1268,43189,86,1500,45600,8815
1269,43435,86,8888,45600,8815
1270,43436,86,2145,45600,8815
1271,43437,86,1252,45600,8815
1272,43438,86,1122,45600,8815
1273,43465,86,6592,45600,8815
1274,50077,86,3035,45600,8815
1275,50078,86,2275,45600,8815
1276,3468,87,14107,56400,13540
1277,3925,87,9958,56400,13540
1278,3926,87,40338,56400,13540
1279,4483,87,21545,56400,13540
1280,4775,87,11224,56400,13540
1281,4866,87,105779,56400,13540
1282,4889,87,14162,56400,13540
1283,4892,87,17597,56400,13540
1284,5263,87,11560,56400,13540
1285,5264,87,43157,56400,13540
1286,5303,87,6924,56400,13540
1287,5304,87,16730,56400,13540
1288,5306,87,12601,56400,13540
1289,5307,87,108297,56400,13540
1290,5315,87,272915,56400,13540
1291,5625,87,12187,56400,13540
1292,5648,87,26418,56400,13540
1293,6047,87,145778,56400,13540
1294,6055,87,46285,56400,13540
1295,6056,87,129184,56400,13540
1296,6185,87,10617,56400,13540
1297,6446,87,3599,56400,13540
1298,11130,87,2078,56400,13540
1299,11966,87,1411,56400,13540
1300,12179,87,13911,56400,13540
1301,14867,87,10915,56400,13540
1302,16274,87,14250,56400,13540
1303,16317,87,2804,56400,13540
1304,25656,87,1391,56400,13540
1305,27054,87,10086,56400,13540
1306,30684,87,3145,56400,13540
1307,31567,87,15903,56400,13540
1308,32792,87,10815,56400,13540
1309,34712,87,3265,56400,13540
1310,35067,87,13459,56400,13540
1311,35978,87,1815,56400,13540
1312,37970,87,1257,56400,13540
1313,38089,87,1300,56400,13540
1314,38559,87,8989,56400,13540
1315,39176,87,8433,56400,13540
1316,39435,87,9686,56400,13540
1317,41101,87,549,56400,13540
1318,41326,87,9947,56400,13540
1319,42307,87,12916,56400,13540
1320,42537,87,3586,56400,13540
1321,42943,87,1451,56400,13540
1322,42947,87,13877,56400,13540
1323,42952,87,1620,56400,13540
1324,43205,87,2540,56400,13540
1325,43359,87,1219,56400,13540
1326,43360,87,841,56400,13540
1327,43439,87,2847,56400,13540
1328,43578,87,5374,56400,13540
1329,43581,87,678,56400,13540
1330,43582,87,11051,56400,13540
1331,50064,87,2689,56400,13540
1332,50111,87,293,56400,13540
1333,4032,88,158044,48400,13730
1334,4070,88,98353,48400,13730
1335,4085,88,8024,48400,13730
1336,4905,88,104344,48400,13730
1337,6140,88,13482,48400,13730
1338,11721,88,823,48400,13730
1339,28463,88,9802,48400,13730
1340,34270,88,12985,48400,13730
1341,38114,88,11798,48400,13730
1342,41218,88,11692,48400,13730
1343,41259,88,13478,48400,13730
1344,41377,88,12541,48400,13730
1345,42536,88,383,48400,13730
1346,42911,88,7891,48400,13730
1347,50067,88,3096,48400,13730
1348,4482,89,10458,60400,5705
1349,5806,89,5347,60400,5705
1350,6265,89,19362,60400,5705
1351,6291,89,20005,60400,5705
1352,16292,89,1319,60400,5705
1353,23511,89,1320,60400,5705
1354,38562,89,13280,60400,5705
1355,41327,89,2591,60400,5705
1356,42946,89,11347,60400,5705
1357,42948,89,12830,60400,5705
1358,42949,89,15009,60400,5705
1359,42950,89,13889,60400,5705
1360,43050,89,351,60400,5705
1361,43355,89,1078,60400,5705
1362,50092,89,1932,60400,5705
1363,4053,90,8559,47200,8700
1364,4071,90,15523,47200,8700
1365,4072,90,47567,47200,8700
1366,4497,90,3378,47200,8700
1367,4518,90,183809,47200,8700
1368,4903,90,349564,47200,8700
1369,5285,90,3014,47200,8700
1370,5287,90,9491,47200,8700
1371,5614,90,117940,47200,8700
1372,5654,90,7332,47200,8700
1373,6041,90,1535,47200,8700
1374,6051,90,16172,47200,8700
1375,11197,90,43487,47200,8700
1376,12305,90,13129,47200,8700
1377,25979,90,11017,47200,8700
1378,34265,90,15105,47200,8700
1379,34794,90,9253,47200,8700
1380,37156,90,7752,47200,8700
1381,38203,90,7412,47200,8700
1382,41258,90,8773,47200,8700
1383,41279,90,1621,47200,8700
1384,41280,90,2575,47200,8700
1385,41369,90,13411,47200,8700
1386,42438,90,6707,47200,8700
1387,42439,90,9499,47200,8700
1388,42942,90,542,47200,8700
1389,43038,90,6555,47200,8700
1390,50082,90,1578,47200,8700
1391,4083,91,7706,35600,5605
1392,4550,91,54764,35600,5605
1393,4919,91,10785,35600,5605
1394,5326,91,19419,35600,5605
1395,9820,91,2197,35600,5605
1396,39500,91,1905,35600,5605
1397,41996,91,730,35600,5605
1398,4099,92,8199,41200,7600
1399,4103,92,143476,41200,7600
1400,4532,92,8785,41200,7600
1401,4549,92,17736,41200,7600
1402,5355,92,22986,41200,7600
1403,5662,92,21758,41200,7600
1404,6144,92,10707,41200,7600
1405,6256,92,25176,41200,7600
1406,6421,92,10576,41200,7600
1407,42009,92,1072,41200,7600
1408,42070,92,1051,41200,7600
1409,4548,94,18459,43600,7340
1410,4551,94,66792,43600,7340
1411,4552,94,32807,43600,7340
1412,4553,94,48235,43600,7340
1413,11981,94,1829,43600,7340
1414,16271,94,6999,43600,7340
1415,23335,94,34592,43600,7340
1416,27828,94,445,43600,7340
1417,34490,94,1653,43600,7340
1418,36189,94,6040,43600,7340
1419,41126,94,1775,43600,7340
1420,42308,94,3076,43600,7340
1421,42311,94,703,43600,7340
1422,42314,94,7256,43600,7340
1423,42945,94,1699,43600,7340
1424,43347,94,1510,43600,7340
1425,3960,95,19459,51600,18730
1426,4089,95,25698,51600,18730
1427,4142,95,126921,51600,18730
1428,4175,95,87008,51600,18730
1429,4180,95,44414,51600,18730
1430,4189,95,672454,51600,18730
1431,4190,95,124179,51600,18730
1432,4225,95,174944,51600,18730
1433,4646,95,144545,51600,18730
1434,4965,95,39823,51600,18730
1435,4991,95,29906,51600,18730
1436,5002,95,88548,51600,18730
1437,5003,95,16054,51600,18730
1438,5216,95,37681,51600,18730
1439,5413,95,14036,51600,18730
1440,5919,95,46362,51600,18730
1441,6073,95,12344,51600,18730
1442,6088,95,14185,51600,18730
1443,6236,95,20917,51600,18730
1444,9787,95,11202,51600,18730
1445,11758,95,21043,51600,18730
1446,11844,95,22528,51600,18730
1447,12047,95,28422,51600,18730
1448,12892,95,4713,51600,18730
1449,24296,95,111872,51600,18730
1450,26878,95,5897,51600,18730
1451,30831,95,16438,51600,18730
1452,31153,95,11410,51600,18730
1453,39610,95,3503,51600,18730
1454,41992,95,13218,51600,18730
1455,42453,95,11311,51600,18730
1456,43594,95,2629,51600,18730
1457,50102,95,2509,51600,18730
1458,4178,96,9446,60000,6585
1459,4554,96,22646,60000,6585
1460,5920,96,18236,60000,6585
1461,23507,96,1181,60000,6585
1462,28465,96,6544,60000,6585
1463,35963,96,18440,60000,6585
1464,41306,96,1305,60000,6585
1465,41358,96,6425,60000,6585
1466,41925,96,11923,60000,6585
1467,42385,96,363,60000,6585
1468,42386,96,6895,60000,6585
1469,42449,96,7909,60000,6585
1470,43533,96,3486,60000,6585
1471,4192,97,185710,62400,7825
1472,4226,97,184633,62400,7825
1473,4648,97,119883,62400,7825
1474,4649,97,622975,62400,7825
1475,5348,97,13609,62400,7825
1476,5444,97,10762,62400,7825
1477,5695,97,16650,62400,7825
1478,5922,97,39557,62400,7825
1479,22431,97,1977,62400,7825
1480,28341,97,124161,62400,7825
1481,38526,97,17565,62400,7825
1482,41103,97,477,62400,7825
1483,42523,97,279,62400,7825
1484,42628,97,7757,62400,7825
1485,42629,97,8946,62400,7825
1486,43156,97,15238,62400,7825
1487,4056,98,258483,67500,10455
1488,4555,98,11140,67500,10455
1489,4645,98,131289,67500,10455
1490,4661,98,303675,67500,10455
1491,5034,98,120917,67500,10455
1492,5052,98,16827,67500,10455
1493,5053,98,20419,67500,10455
1494,5339,98,11403,67500,10455
1495,5445,98,10891,67500,10455
1496,5453,98,390630,67500,10455
1497,6442,98,98611,67500,10455
1498,11136,98,10664,67500,10455
1499,11797,98,117029,67500,10455
1500,11985,98,1666,67500,10455
1501,20875,98,334796,67500,10455
1502,21008,98,14787,67500,10455
1503,22432,98,2350,67500,10455
1504,22436,98,10564,67500,10455
1505,22437,98,8018,67500,10455
1506,22438,98,15711,67500,10455
1507,25925,98,2133,67500,10455
1508,26885,98,1010,67500,10455
1509,27816,98,13088,67500,10455
1510,35151,98,165165,67500,10455
1511,35897,98,3705,67500,10455
1512,35983,98,3638,67500,10455
1513,35984,98,2553,67500,10455
1514,38528,98,10643,67500,10455
1515,39821,98,10045,67500,10455
1516,41581,98,3958,67500,10455
1517,42455,98,15992,67500,10455
1518,42630,98,9437,67500,10455
1519,43044,98,1775,67500,10455
1520,43158,98,485,67500,10455
1521,43425,98,1839,67500,10455
1522,43589,98,2741,67500,10455
1523,4245,99,14779,58400,9330
1524,4246,99,27211,58400,9330
1525,4658,99,13542,58400,9330
1526,5054,99,417413,58400,9330
1527,5057,99,12734,58400,9330
1528,5945,99,29943,58400,9330
1529,5952,99,12010,58400,9330
1530,14661,99,12308,58400,9330
1531,29244,99,11783,58400,9330
1532,29718,99,11343,58400,9330
1533,34718,99,12617,58400,9330
1534,38529,99,26950,58400,9330
1535,41632,99,13389,58400,9330
1536,43424,99,7145,58400,9330
1537,4650,100,132761,55200,7590
1538,5409,100,265608,55200,7590
1539,5414,100,24138,55200,7590
1540,5415,100,328190,55200,7590
1541,5419,100,64071,55200,7590
1542,5686,100,11082,55200,7590
1543,5696,100,5214,55200,7590
1544,5923,100,33937,55200,7590
1545,11316,100,5464,55200,7590
1546,11320,100,3778,55200,7590
1547,11347,100,7472,55200,7590
1548,12217,100,3863,55200,7590
1549,16283,100,32310,55200,7590
1550,20856,100,4785,55200,7590
1551,20861,100,6498,55200,7590
1552,20883,100,29030,55200,7590
1553,23968,100,14900,55200,7590
1554,28532,100,5990,55200,7590
1555,37035,100,14465,55200,7590
1556,38130,100,4901,55200,7590
1557,41586,100,4979,55200,7590
1558,42966,100,2801,55200,7590
1559,43032,100,9719,55200,7590
1560,43316,100,2888,55200,7590
1561,43317,100,2235,55200,7590
1562,5689,101,15761,61600,6070
1563,11921,101,425,61600,6070
1564,12441,101,1846,61600,6070
1565,22714,101,11454,61600,6070
1566,36476,101,1577,61600,6070
1567,40543,101,9494,61600,6070
1568,41276,101,2109,61600,6070
1569,42882,101,5300,61600,6070
1570,42883,101,4387,61600,6070
1571,43155,101,15276,61600,6070
1572,43157,101,15332,61600,6070
1573,43345,101,1121,61600,6070
1574,43653,101,557,61600,6070
1575,4979,102,11579,44400,7125
1576,6282,102,12636,44400,7125
1577,33648,102,16581,44400,7125
1578,41332,102,750,44400,7125
1579,43530,102,2835,44400,7125
1580,4194,103,16017,67500,7955
1581,4228,103,83322,67500,7955
1582,4660,103,12712,67500,7955
1583,4681,103,32795,67500,7955
1584,5005,103,15936,67500,7955
1585,5014,103,10121,67500,7955
1586,5416,103,18283,67500,7955
1587,5699,103,17330,67500,7955
1588,5924,103,33253,67500,7955
1589,5936,103,16657,67500,7955
1590,5946,103,8573,67500,7955
1591,20470,103,11856,67500,7955
1592,39300,103,1120,67500,7955
1593,41117,103,9116,67500,7955
1594,42430,103,5180,67500,7955
1595,42431,103,12137,67500,7955
1596,42433,103,7801,67500,7955
1597,42434,103,9316,67500,7955
1598,42435,103,546,67500,7955
1599,42445,103,11584,67500,7955
1600,50054,103,4997,67500,7955
1601,6438,105,9346,68000,7890
1602,11306,105,26749,68000,7890
1603,24619,105,13532,68000,7890
1604,33255,105,10458,68000,7890
1605,41379,105,39723,68000,7890
1606,42432,105,11713,68000,7890
1607,42446,105,2182,68000,7890
1608,42559,105,3243,68000,7890
1609,4120,106,19499,45200,8315
1610,4983,106,13834,45200,8315
1611,5880,106,14459,45200,8315
1612,5881,106,14431,45200,8315
1613,28040,106,5340,45200,8315
1614,32250,106,13318,45200,8315
1615,36235,106,9038,45200,8315
1616,42408,106,8150,45200,8315
1617,42409,106,7108,45200,8315
1618,42616,106,7463,45200,8315
1619,42969,106,585,45200,8315
1620,43308,106,2976,45200,8315
1621,4806,107,4884,37600,11445
1622,5389,107,12046,37600,11445
1623,13559,107,7248,37600,11445
1624,16486,107,18178,37600,11445
1625,25487,107,1642,37600,11445
1626,25690,107,9825,37600,11445
1627,28041,107,2347,37600,11445
1628,28046,107,5604,37600,11445
1629,29657,107,1211,37600,11445
1630,37151,107,8410,37600,11445
1631,39067,107,13150,37600,11445
1632,39148,107,4976,37600,11445
1633,39152,107,9748,37600,11445
1634,41294,107,1144,37600,11445
1635,42315,107,647,37600,11445
1636,42404,107,6279,37600,11445
1637,42405,107,7959,37600,11445
1638,42407,107,15876,37600,11445
1639,42614,107,6345,37600,11445
1640,42615,107,8648,37600,11445
1641,43042,107,10495,37600,11445
1642,43426,107,1044,37600,11445
1643,43474,107,1350,37600,11445
1644,43670,107,474,37600,11445
1645,50083,107,7801,37600,11445
1646,5866,108,12491,37200,8285
1647,11166,108,13738,37200,8285
1648,23331,108,6620,37200,8285
1649,32671,108,10956,37200,8285
1650,36186,108,8452,37200,8285
1651,43423,108,12098,37200,8285
1652,42967,109,7760,37200,5630
1653,43579,109,950,37200,5630
1654,50079,109,439,37200,5630
1655,3939,110,22967,33200,5870
1656,4073,110,9383,33200,5870
1657,4906,110,34046,33200,5870
1658,5878,110,12170,33200,5870
1659,6059,110,38881,33200,5870
1660,22741,110,1541,33200,5870
1661,37600,110,11716,33200,5870
1662,41331,110,13346,33200,5870
1663,50066,110,8100,33200,5870
1664,50103,110,8809,33200,5870
1665,4387,111,9954,34400,10745
1666,4389,111,9528,34400,10745
1667,4390,111,31816,34400,10745
1668,4568,111,8794,34400,10745
1669,5175,111,11090,34400,10745
1670,5797,111,13462,34400,10745
1671,6245,111,4219,34400,10745
1672,11702,111,15436,34400,10745
1673,30327,111,10707,34400,10745
1674,31278,111,9926,34400,10745
1675,31861,111,10889,34400,10745
1676,32830,111,13486,34400,10745
1677,38415,111,5406,34400,10745
1678,42310,111,12900,34400,10745
1679,42902,111,4803,34400,10745
1680,4519,112,10195,34000,3105
1681,4809,112,39110,34000,3105
1682,5202,112,25086,34000,3105
1683,5226,112,7594,34000,3105
1684,5316,112,64175,34000,3105
1685,5317,112,11168,34000,3105
1686,24770,112,15825,34000,3105
1687,33356,112,8829,34000,3105
1688,35989,112,8375,34000,3105
1689,35998,112,10355,34000,3105
1690,41302,112,4116,34000,3105
1691,41378,112,16932,34000,3105
1692,43337,112,12669,34000,3105
1693,43422,112,11790,34000,3105
1694,43442,112,8909,34000,3105
1695,43443,112,6939,34000,3105
1696,4623,113,12559,34800,9320
1697,4803,113,39402,34800,9320
1698,5025,113,13252,34800,9320
1699,5221,113,20813,34800,9320
1700,5438,113,25513,34800,9320
1701,5597,113,10550,34800,9320
1702,5609,113,10072,34800,9320
1703,5779,113,18100,34800,9320
1704,6015,113,9368,34800,9320
1705,6035,113,20086,34800,9320
1706,16073,113,11431,34800,9320
1707,38068,113,3602,34800,9320
1708,41620,113,1775,34800,9320
1709,43419,113,2106,34800,9320
1710,43420,113,3028,34800,9320
1711,43433,113,3576,34800,9320
1712,4386,114,2667,48800,4165
1713,4511,114,24596,48800,4165
1714,6043,114,4802,48800,4165
1715,16678,114,13701,48800,4165
1716,41595,114,1690,48800,4165
1717,42539,114,124,48800,4165
1718,43324,114,4557,48800,4165
1719,37866,115,13807,34800,6735
1720,40575,115,8191,34800,6735
1721,42900,115,1394,34800,6735
1722,42941,115,532,34800,6735
1723,43548,115,12068,34800,6735
1724,4845,116,37785,29200,9875
1725,5238,116,58862,29200,9875
1726,5566,116,54668,29200,9875
1727,6025,116,12582,29200,9875
1728,6132,116,12062,29200,9875
1729,6390,116,9688,29200,9875
1730,33754,116,4410,29200,9875
1731,41917,116,3114,29200,9875
1732,4463,118,17218,32800,13270
1733,4465,118,120992,32800,13270
1734,4480,118,85608,32800,13270
1735,4506,118,153372,32800,13270
1736,4722,118,191243,32800,13270
1737,4834,118,45668,32800,13270
1738,4843,118,50487,32800,13270
1739,5245,118,20614,32800,13270
1740,11821,118,13138,32800,13270
1741,41323,118,620,32800,13270
1742,41628,118,2105,32800,13270
1743,3981,119,55978,35200,14830
1744,3998,119,134337,35200,14830
1745,4290,119,14971,35200,14830
1746,4456,119,15623,35200,14830
1747,4457,119,12661,35200,14830
1748,4459,119,13818,35200,14830
1749,4460,119,19629,35200,14830
1750,4461,119,22779,35200,14830
1751,4462,119,23564,35200,14830
1752,4842,119,63825,35200,14830
1753,5061,119,40711,35200,14830
1754,5062,119,36575,35200,14830
1755,5233,119,14869,35200,14830
1756,5244,119,27129,35200,14830
1757,5246,119,18825,35200,14830
1758,5606,119,12562,35200,14830
1759,5708,119,21722,35200,14830
1760,6582,119,35524,35200,14830
1761,11132,119,16960,35200,14830
1762,29706,119,552,35200,14830
1763,31156,119,18067,35200,14830
1764,39434,119,12545,35200,14830
1765,41292,119,8764,35200,14830
1766,41583,119,1690,35200,14830
1767,42619,119,13067,35200,14830
1768,50073,119,635,35200,14830
1769,50101,119,942,35200,14830
1770,3996,120,38761,36800,14005
1771,3997,120,10828,36800,14005
1772,4458,120,6868,36800,14005
1773,4545,120,70744,36800,14005
1774,4840,120,11343,36800,14005
1775,4841,120,29329,36800,14005
1776,5660,120,24311,36800,14005
1777,5790,120,11372,36800,14005
1778,6667,120,15375,36800,14005
1779,13036,120,9555,36800,14005
1780,20891,120,8098,36800,14005
1781,36217,120,1274,36800,14005
1782,41104,120,10919,36800,14005
1783,41283,120,11664,36800,14005
1784,41609,120,1212,36800,14005
1785,41909,120,666,36800,14005
1786,42988,120,1109,36800,14005
1787,42989,120,514,36800,14005
1788,42990,120,689,36800,14005
1789,42992,120,601,36800,14005
1790,42993,120,788,36800,14005
1791,43580,120,572,36800,14005
1792,3975,121,72116,29400,6080
1793,3995,121,69402,29400,6080
1794,4898,121,90339,29400,6080
1795,5605,121,22691,29400,6080
1796,5635,121,35275,29400,6080
1797,7323,121,63550,29400,6080
1798,12257,121,6211,29400,6080
1799,30280,121,10368,29400,6080
1800,30304,121,2480,29400,6080
1801,30410,121,11900,29400,6080
1802,41362,121,6891,29400,6080
1803,42960,121,12275,29400,6080
1804,42987,121,1383,29400,6080
1805,3946,122,11144,44000,12070
1806,3947,122,18131,44000,12070
1807,3948,122,20426,44000,12070
1808,4064,122,17149,44000,12070
1809,4416,122,10448,44000,12070
1810,4418,122,18177,44000,12070
1811,4454,122,33000,44000,12070
1812,4515,122,34814,44000,12070
1813,4814,122,25381,44000,12070
1814,5586,122,12658,44000,12070
1815,5776,122,11461,44000,12070
1816,5810,122,11007,44000,12070
1817,6013,122,54363,44000,12070
1818,6375,122,7699,44000,12070
1819,6392,122,5932,44000,12070
1820,12087,122,5430,44000,12070
1821,14945,122,4469,44000,12070
1822,16322,122,13890,44000,12070
1823,28078,122,11389,44000,12070
1824,28082,122,15145,44000,12070
1825,28090,122,2649,44000,12070
1826,28102,122,3304,44000,12070
1827,28105,122,2248,44000,12070
1828,28109,122,4653,44000,12070
1829,29065,122,2190,44000,12070
1830,29713,122,6360,44000,12070
1831,37146,122,4616,44000,12070
1832,41611,122,5068,44000,12070
1833,41614,122,1461,44000,12070
1834,41618,122,1771,44000,12070
1835,41916,122,1463,44000,12070
1836,42333,122,1305,44000,12070
1837,42620,122,18222,44000,12070
1838,42912,122,644,44000,12070
1839,42913,122,321,44000,12070
1840,43333,122,971,44000,12070
1841,43427,122,844,44000,12070
1842,43532,122,570,44000,12070
1843,43556,122,883,44000,12070
1844,3949,123,16173,38000,8150
1845,3950,123,21686,38000,8150
1846,4108,123,73161,38000,8150
1847,4419,123,15104,38000,8150
1848,4927,123,70806,38000,8150
1849,4928,123,87543,38000,8150
1850,5208,123,20425,38000,8150
1851,6848,123,17509,38000,8150
1852,12223,123,16052,38000,8150
1853,28097,123,17445,38000,8150
1854,37890,123,5534,38000,8150
1855,38170,123,9215,38000,8150
1856,41356,123,3897,38000,8150
1857,42534,123,613,38000,8150
1858,42538,123,977,38000,8150
1859,43421,123,628,38000,8150
1860,43535,123,707,38000,8150
1861,43539,123,999,38000,8150
1862,43540,123,655,38000,8150
1863,4575,124,122521,32000,8175
1864,4876,124,11644,32000,8175
1865,5600,124,34217,32000,8175
1866,5655,124,45094,32000,8175
1867,6233,124,6504,32000,8175
1868,32383,124,6962,32000,8175
1869,38146,124,10068,32000,8175
1870,42312,124,5416,32000,8175
1871,4042,125,51817,34000,6715
1872,27311,125,13931,34000,6715
1873,43585,125,24348,34000,6715
1874,4044,126,75269,33200,12200
1875,4047,126,158943,33200,12200
1876,4048,126,44281,33200,12200
1877,4251,126,36577,33200,12200
1878,4252,126,37574,33200,12200
1879,4253,126,115000,33200,12200
1880,4915,126,39368,33200,12200
1881,5063,126,56303,33200,12200
1882,6449,126,11155,33200,12200
1883,37808,126,5315,33200,12200
1884,42702,126,9996,33200,12200
1885,43204,126,1202,33200,12200
1886,43206,126,809,33200,12200
1887,43211,126,559,33200,12200
1888,50095,126,1337,33200,12200
1889,50100,126,13342,33200,12200
1890,4050,128,63576,32000,12430
1891,5493,128,43493,32000,12430
1892,5829,128,95062,32000,12430
1893,6115,128,11395,32000,12430
1894,11151,128,9103,32000,12430
1895,40838,128,6920,32000,12430
1896,42996,128,1879,32000,12430
1897,43659,128,16131,32000,12430
1898,4156,129,31048,30000,13130
1899,4561,129,15317,30000,13130
1900,4930,129,114994,30000,13130
1901,5155,129,46716,30000,13130
1902,5675,129,24259,30000,13130
1903,5996,129,19054,30000,13130
1904,11694,129,12298,30000,13130
1905,38043,129,4239,30000,13130
1906,41291,129,13866,30000,13130
1907,41616,129,5948,30000,13130
1908,42390,129,1239,30000,13130
1909,42391,129,1267,30000,13130
1910,42529,129,801,30000,13130
1911,42530,129,1748,30000,13130
1912,4505,130,80074,28400,10640
1913,4526,130,19073,28400,10640
1914,4565,130,79807,28400,10640
1915,4762,130,50497,28400,10640
1916,5322,130,9656,28400,10640
1917,5360,130,22629,28400,10640
1918,5564,130,41903,28400,10640
1919,5565,130,42345,28400,10640
1920,5658,130,58966,28400,10640
1921,28047,130,26096,28400,10640
1922,30720,130,33574,28400,10640
1923,31835,130,7651,28400,10640
1924,40726,130,13207,28400,10640
1925,41918,130,3119,28400,10640
1926,43056,130,8854,28400,10640
1927,43215,130,1756,28400,10640
1928,43431,130,34486,28400,10640
1929,50096,130,1722,28400,10640
1930,4218,133,25226,48800,6855
1931,4376,133,52343,48800,6855
1932,4377,133,16681,48800,6855
1933,4627,133,12862,48800,6855
1934,4757,133,35400,48800,6855
1935,5211,133,16614,48800,6855
1936,5765,133,37319,48800,6855
1937,36380,133,6124,48800,6855
1938,42610,133,3303,48800,6855
1939,43586,133,4563,48800,6855
1940,43690,133,499,48800,6855
1941,4255,134,15133,36400,6585
1942,4334,134,16030,36400,6585
1943,4708,134,7133,36400,6585
1944,4786,134,5470,36400,6585
1945,5066,134,26521,36400,6585
1946,5512,134,19981,36400,6585
1947,5593,134,9461,36400,6585
1948,7320,134,81073,36400,6585
1949,25921,134,17990,36400,6585
1950,33581,134,5491,36400,6585
1951,36205,134,3373,36400,6585
1952,37967,134,2107,36400,6585
1953,42533,134,715,36400,6585
1954,43440,134,559,36400,6585
1955,50088,134,4756,36400,6585
1956,50089,134,4510,36400,6585
1957,50090,134,4371,36400,6585
1958,4288,135,43798,34400,8840
1959,5065,135,29838,34400,8840
1960,5087,135,54877,34400,8840
1961,5442,135,39631,34400,8840
1962,31831,135,12569,34400,8840
1963,32177,135,6524,34400,8840
1964,38196,135,3973,34400,8840
1965,38856,135,9029,34400,8840
1966,43588,135,2990,34400,8840
1967,50056,135,1091,34400,8840
1968,3953,136,149329,33200,13595
1969,3955,136,31964,33200,13595
1970,4287,136,3384,33200,13595
1971,4420,136,98375,33200,13595
1972,4710,136,9471,33200,13595
1973,5021,136,9655,33200,13595
1974,5089,136,10245,33200,13595
1975,5478,136,7189,33200,13595
1976,5777,136,21691,33200,13595
1977,6110,136,18805,33200,13595
1978,6156,136,6320,33200,13595
1979,12049,136,17629,33200,13595
1980,30672,136,3049,33200,13595
1981,31830,136,2262,33200,13595
1982,35267,136,519,33200,13595
1983,35269,136,345,33200,13595
1984,35982,136,2857,33200,13595
1985,37257,136,6888,33200,13595
1986,37258,136,1469,33200,13595
1987,37262,136,5117,33200,13595
1988,38054,136,7518,33200,13595
1989,42450,136,3018,33200,13595
1990,42451,136,2718,33200,13595
1991,43325,136,1077,33200,13595
1992,43357,136,1096,33200,13595
1993,43477,136,16627,33200,13595
1994,43478,136,17045,33200,13595
1995,43534,136,1233,33200,13595
1996,43630,136,7379,33200,13595
1997,50104,136,6958,33200,13595
1998,50105,136,696,33200,13595
1999,4090,138,12401,33200,10915
2000,4128,138,68155,33200,10915
2001,4563,138,132448,33200,10915
2002,5334,138,159529,33200,10915
2003,5601,138,172331,33200,10915
2004,5656,138,28878,33200,10915
2005,38407,138,17709,33200,10915
2006,42618,138,10514,33200,10915
2007,42955,138,1371,33200,10915
2008,43214,138,1846,33200,10915
2009,43669,138,6879,33200,10915
2010,3951,139,19533,32400,7620
2011,4151,139,73214,32400,7620
2012,4577,139,39388,32400,7620
2013,4595,139,63577,32400,7620
2014,4789,139,18540,32400,7620
2015,5590,139,21584,32400,7620
2016,28091,139,58776,32400,7620
2017,31855,139,6484,32400,7620
2018,32616,139,1464,32400,7620
2019,43555,139,1221,32400,7620
2020,3952,140,116904,48000,4845
2021,5591,140,86924,48000,4845
2022,31571,140,5476,48000,4845
2023,39261,140,1069,48000,4845
2024,39271,140,5209,48000,4845
2025,43326,140,714,48000,4845
2026,43338,140,954,48000,4845
2027,43358,140,1095,48000,4845
2028,4216,141,83821,31200,12705
2029,4684,141,57588,31200,12705
2030,4994,141,8433,31200,12705
2031,5064,141,24175,31200,12705
2032,5403,141,13794,31200,12705
2033,5427,141,17991,31200,12705
2034,5429,141,22603,31200,12705
2035,5431,141,18198,31200,12705
2036,5910,141,18965,31200,12705
2037,5932,141,14264,31200,12705
2038,6430,141,16478,31200,12705
2039,38065,141,2644,31200,12705
2040,41271,141,408,31200,12705
2041,42532,141,454,31200,12705
2042,42560,141,12911,31200,12705
2043,43141,141,481,31200,12705
2044,43200,141,1115,31200,12705
2045,43202,141,510,31200,12705
2046,43341,141,626,31200,12705
2047,43342,141,548,31200,12705
2048,43362,141,293,31200,12705
2049,43587,141,613,31200,12705
2050,43631,141,1054,31200,12705
2051,1146,142,24142,32400,13560
2052,4115,142,12158,32400,13560
2053,4119,142,8772,32400,13560
2054,4154,142,72927,32400,13560
2055,4254,142,57607,32400,13560
2056,4564,142,14175,32400,13560
2057,4569,142,21090,32400,13560
2058,4597,142,66377,32400,13560
2059,4683,142,22987,32400,13560
2060,4691,142,6487,32400,13560
2061,4952,142,112293,32400,13560
2062,5461,142,4991,32400,13560
2063,6182,142,24875,32400,13560
2064,11707,142,8004,32400,13560
2065,31390,142,4180,32400,13560
2066,31851,142,4594,32400,13560
2067,34288,142,26348,32400,13560
2068,38980,142,7074,32400,13560
2069,39333,142,1658,32400,13560
2070,42707,142,5171,32400,13560
2071,43201,142,280,32400,13560
2072,43340,142,15431,32400,13560
2073,4309,143,17169,42000,10670
2074,4375,143,12564,42000,10670
2075,4613,143,3294,42000,10670
2076,4756,143,36569,42000,10670
2077,5132,143,9030,42000,10670
2078,5740,143,13998,42000,10670
2079,6118,143,15539,42000,10670
2080,32236,143,14348,42000,10670
2081,35826,143,4500,42000,10670
2082,36478,143,4697,42000,10670
2083,42706,143,338,42000,10670
2084,42954,143,2751,42000,10670
2085,42958,143,3175,42000,10670
2086,43043,143,2960,42000,10670
2087,43208,143,1593,42000,10670
2088,43344,143,465,42000,10670
2089,43395,143,1489,42000,10670
2090,43632,143,566,42000,10670
2091,50058,143,842,42000,10670
2092,50093,143,2184,42000,10670
2093,50094,143,1797,42000,10670
2094,4289,144,5037,34800,13210
2095,4306,144,24709,34800,13210
2096,4335,144,49847,34800,13210
2097,4336,144,3759,34800,13210
2098,4709,144,7796,34800,13210
2099,4712,144,49043,34800,13210
2100,5540,144,14805,34800,13210
2101,5730,144,31444,34800,13210
2102,5913,144,28127,34800,13210
2103,6433,144,5562,34800,13210
2104,13871,144,23724,34800,13210
2105,28056,144,25822,34800,13210
2106,28958,144,919,34800,13210
2107,31187,144,21192,34800,13210
2108,33036,144,13917,34800,13210
2109,33746,144,21660,34800,13210
2110,33753,144,4201,34800,13210
2111,42621,144,275,34800,13210
2112,42970,144,3436,34800,13210
2113,42997,144,2267,34800,13210
2114,43396,144,2405,34800,13210
2115,4186,145,7445,31600,8880
2116,4998,145,19648,31600,8880
2117,4999,145,9814,31600,8880
2118,5443,145,31090,31600,8880
2119,5692,145,29404,31600,8880
2120,6432,145,6847,31600,8880
2121,12267,145,9557,31600,8880
2122,31085,145,5964,31600,8880
2123,31280,145,7412,31600,8880
2124,38047,145,4799,31600,8880
2125,41623,145,2542,31600,8880
2126,41627,145,2886,31600,8880
2127,42332,145,2025,31600,8880
2128,42972,145,1032,31600,8880
2129,43343,145,3004,31600,8880
2130,43554,145,4551,31600,8880
2131,4294,146,15438,33200,13145
2132,4308,146,43824,33200,13145
2133,4607,146,71791,33200,13145
2134,4713,146,5770,33200,13145
2135,4717,146,22686,33200,13145
2136,4724,146,18775,33200,13145
2137,5028,146,11661,33200,13145
2138,5088,146,14231,33200,13145
2139,5090,146,13077,33200,13145
2140,5737,146,18664,33200,13145
2141,5968,146,14540,33200,13145
2142,31149,146,5497,33200,13145
2143,41220,146,3212,33200,13145
2144,41607,146,4742,33200,13145
2145,41920,146,1145,33200,13145
2146,43393,146,1232,33200,13145
2147,43660,146,1310,33200,13145
2148,50057,146,626,33200,13145
2149,3984,147,112009,31400,10180
2150,4844,147,13412,31400,10180
2151,5237,147,8163,31400,10180
2152,5544,147,18275,31400,10180
2153,43212,147,1440,31400,10180
2154,43213,147,1021,31400,10180
2155,43505,147,4397,31400,10180
2156,4051,148,12006,31000,10320
2157,4364,148,134365,31000,10320
2158,4466,148,45221,31000,10320
2159,4481,148,7507,31000,10320
2160,4884,148,29688,31000,10320
2161,5997,148,17193,31000,10320
2162,6027,148,13295,31000,10320
2163,28954,148,8575,31000,10320
2164,4272,149,27909,39200,7255
2165,4412,149,29405,39200,7255
2166,5984,149,35361,39200,7255
2167,12270,149,4957,39200,7255
2168,41612,149,1021,39200,7255
2169,43041,149,2366,39200,7255
2170,43210,149,1136,39200,7255
2171,43394,149,7087,39200,7255
2172,4413,150,23673,36000,11185
2173,5067,150,17895,36000,11185
2174,5082,150,13332,36000,11185
2175,6103,150,28270,36000,11185
2176,11242,150,23565,36000,11185
2177,41582,150,945,36000,11185
2178,43414,150,22563,36000,11185
2179,4231,151,6658,36400,11350
2180,4232,151,5438,36400,11350
2181,4668,151,13600,36400,11350
2182,5036,151,10218,36400,11350
2183,5715,151,18370,36400,11350
2184,5941,151,7925,36400,11350
2185,6443,151,23490,36400,11350
2186,42061,151,6258,36400,11350
2187,5049,152,6706,36800,7510
2188,11995,152,6975,36800,7510
2189,29169,152,17889,36800,7510
2190,30970,152,6392,36800,7510
2191,32475,152,12610,36800,7510
2192,33585,152,6542,36800,7510
2193,33649,152,18813,36800,7510
2194,35407,152,20520,36800,7510
2195,38666,152,6104,36800,7510
2196,42017,152,1496,36800,7510
2197,42535,152,5760,36800,7510
2198,42964,152,6507,36800,7510
2199,4229,153,14971,46400,8715
2200,4230,153,6282,46400,8715
2201,5030,153,2857,46400,8715
2202,5495,153,20822,46400,8715
2203,41615,153,1985,46400,8715
2204,42971,153,17072,46400,8715
2205,43428,153,6602,46400,8715
2206,4024,154,53802,33600,10780
2207,4268,154,24995,33600,10780
2208,4269,154,28090,33600,10780
2209,4695,154,22817,33600,10780
2210,5464,154,26200,33600,10780
2211,5801,154,12996,33600,10780
2212,5947,154,17986,33600,10780
2213,6099,154,26717,33600,10780
2214,6452,154,29128,33600,10780
2215,22646,154,20346,33600,10780
2216,36661,154,24807,33600,10780
2217,37598,154,10461,33600,10780
2218,43134,154,690,33600,10780
2219,43628,154,2566,33600,10780
2220,43629,154,1924,33600,10780
2221,43633,154,2001,33600,10780
2222,4069,155,30373,37600,9955
2223,4075,155,50609,37600,9955
2224,4122,155,197968,37600,9955
2225,4279,155,35493,37600,9955
2226,4522,155,72174,37600,9955
2227,4697,155,29339,37600,9955
2228,4904,155,17648,37600,9955
2229,4907,155,69752,37600,9955
2230,4908,155,15816,37600,9955
2231,5723,155,23635,37600,9955
2232,6453,155,26185,37600,9955
2233,11301,155,26480,37600,9955
2234,28533,155,37529,37600,9955
2235,37993,155,13314,37600,9955
2236,40419,155,690,37600,9955
2237,41590,155,1784,37600,9955
2238,42901,155,18187,37600,9955
2239,43411,155,30319,37600,9955
2240,43551,155,934,37600,9955
2241,50055,155,15105,37600,9955
2242,50116,155,335,37600,9955
2243,4261,156,10178,34000,9330
2244,4262,156,13251,34000,9330
2245,4538,156,14418,34000,9330
2246,4543,156,35112,34000,9330
2247,4689,156,21029,34000,9330
2248,5016,156,73048,34000,9330
2249,5068,156,25481,34000,9330
2250,5335,156,147663,34000,9330
2251,5460,156,44578,34000,9330
2252,5838,156,75515,34000,9330
2253,28433,156,12319,34000,9330
2254,30150,156,10859,34000,9330
2255,30718,156,12213,34000,9330
2256,31858,156,8920,34000,9330
2257,32408,156,2553,34000,9330
2258,38021,156,33970,34000,9330
2259,41349,156,12368,34000,9330
2260,41608,156,1828,34000,9330
2261,41921,156,2091,34000,9330
2262,4110,157,91474,33200,5370
2263,4540,157,29564,33200,5370
2264,4541,157,29864,33200,5370
2265,4929,157,191656,33200,5370
2266,5425,157,19837,33200,5370
2267,33254,157,8957,33200,5370
2268,4322,158,20087,45600,12600
2269,4716,158,1400,45600,12600
2270,5119,158,10208,45600,12600
2271,5332,158,15610,45600,12600
2272,5745,158,35017,45600,12600
2273,5821,158,12083,45600,12600
2274,6171,158,13430,45600,12600
2275,12283,158,8530,45600,12600
2276,29714,158,8962,45600,12600
2277,34744,158,17999,45600,12600
2278,37887,158,29234,45600,12600
2279,38086,158,14433,45600,12600
2280,39598,158,7816,45600,12600
2281,40510,158,13280,45600,12600
2282,41245,158,26203,45600,12600
2283,41983,158,493,45600,12600
2284,41984,158,975,45600,12600
2285,41985,158,1391,45600,12600
2286,41986,158,3478,45600,12600
2287,41987,158,1882,45600,12600
2288,41988,158,1010,45600,12600
2289,42000,158,254,45600,12600
2290,42001,158,683,45600,12600
2291,42002,158,1602,45600,12600
2292,42003,158,1757,45600,12600
2293,42004,158,13151,45600,12600
2294,42005,158,13009,45600,12600
2295,42007,158,657,45600,12600
2296,42015,158,13433,45600,12600
2297,43348,158,12381,45600,12600
2298,43416,158,3634,45600,12600
2299,4038,159,6957,46000,15295
2300,4063,159,19521,46000,15295
2301,4320,159,54699,46000,15295
2302,4321,159,15358,46000,15295
2303,4725,159,16139,46000,15295
2304,4854,159,78540,46000,15295
2305,4855,159,48044,46000,15295
2306,5092,159,13232,46000,15295
2307,5261,159,55948,46000,15295
2308,5266,159,36383,46000,15295
2309,5282,159,10441,46000,15295
2310,5283,159,6162,46000,15295
2311,5288,159,7243,46000,15295
2312,5295,159,4658,46000,15295
2313,5481,159,52130,46000,15295
2314,5482,159,11613,46000,15295
2315,5503,159,40087,46000,15295
2316,5608,159,49451,46000,15295
2317,5634,159,13057,46000,15295
2318,5808,159,2648,46000,15295
2319,6239,159,16435,46000,15295
2320,20302,159,14799,46000,15295
2321,20496,159,35532,46000,15295
2322,20498,159,38649,46000,15295
2323,22583,159,9415,46000,15295
2324,24196,159,39110,46000,15295
2325,27224,159,12044,46000,15295
2326,27312,159,10231,46000,15295
2327,28962,159,7229,46000,15295
2328,29514,159,17675,46000,15295
2329,31533,159,9965,46000,15295
2330,40564,159,15356,46000,15295
2331,41102,159,19327,46000,15295
2332,41293,159,16438,46000,15295
2333,41982,159,14528,46000,15295
2334,42313,159,8125,46000,15295
2335,42609,159,17793,46000,15295
2336,43031,159,16248,46000,15295
2337,50097,159,2626,46000,15295
2338,4319,160,11172,45200,10095
2339,4410,160,22968,45200,10095
2340,5167,160,18379,45200,10095
2341,5192,160,6482,45200,10095
2342,5243,160,45595,45200,10095
2343,5502,160,68968,45200,10095
2344,5527,160,10180,45200,10095
2345,5557,160,21476,45200,10095
2346,5976,160,40810,45200,10095
2347,11250,160,3794,45200,10095
2348,12172,160,24946,45200,10095
2349,26198,160,9793,45200,10095
2350,33977,160,7185,45200,10095
2351,34933,160,9576,45200,10095
2352,35315,160,4840,45200,10095
2353,36886,160,38416,45200,10095
2354,37198,160,9263,45200,10095
2355,38056,160,11792,45200,10095
2356,41914,160,2087,45200,10095
2357,42316,160,8413,45200,10095
2358,42317,160,698,45200,10095
2359,42318,160,574,45200,10095
2360,42320,160,3403,45200,10095
2361,42321,160,1410,45200,10095
2362,42322,160,1246,45200,10095
2363,42323,160,2134,45200,10095
2364,42324,160,4362,45200,10095
2365,42325,160,1936,45200,10095
2366,42326,160,1657,45200,10095
2367,42327,160,1895,45200,10095
2368,42328,160,462,45200,10095
2369,42329,160,2204,45200,10095
2370,42330,160,591,45200,10095
2371,42331,160,2106,45200,10095
2372,42422,160,2125,45200,10095
2373,42423,160,1195,45200,10095
2374,42424,160,1724,45200,10095
2375,42425,160,1226,45200,10095
2376,42426,160,623,45200,10095
2377,42961,160,9171,45200,10095
2378,43035,160,6555,45200,10095
2379,43037,160,4244,45200,10095
2380,43190,160,561,45200,10095
2381,3936,161,10637,53200,15450
2382,4781,161,9338,53200,15450
2383,5193,161,8890,53200,15450
2384,5200,161,10627,53200,15450
2385,11194,161,17086,53200,15450
2386,31859,161,7281,53200,15450
2387,43034,161,6685,53200,15450
2388,43036,161,7529,53200,15450
2389,3992,162,26838,65500,9865
2390,4004,162,7457,65500,9865
2391,4124,162,58698,65500,9865
2392,4125,162,55765,65500,9865
2393,4139,162,103353,65500,9865
2394,4837,162,22703,65500,9865
2395,5249,162,22821,65500,9865
2396,5367,162,69066,65500,9865
2397,5372,162,13146,65500,9865
2398,5830,162,14533,65500,9865
2399,11325,162,8211,65500,9865
2400,14966,162,38259,65500,9865
2401,23209,162,6743,65500,9865
2402,26226,162,5624,65500,9865
2403,30144,162,3199,65500,9865
2404,35150,162,9347,65500,9865
2405,36330,162,5967,65500,9865
2406,37988,162,6160,65500,9865
2407,38725,162,2673,65500,9865
2408,4572,163,12369,64500,16225
2409,23978,163,9326,64500,16225
2410,24761,163,6406,64500,16225
2411,24878,163,15908,64500,16225
2412,26150,163,8635,64500,16225
2413,28343,163,6250,64500,16225
2414,32098,163,1294,64500,16225
2415,38704,163,8253,64500,16225
2416,40112,163,11541,64500,16225
2417,42937,163,8823,64500,16225
2418,43039,163,2122,64500,16225
2419,43335,163,4475,64500,16225
2420,4006,164,8870,67000,21345
2421,4007,164,7799,67000,21345
2422,4136,164,13170,67000,21345
2423,4140,164,12475,67000,21345
2424,4159,164,10572,67000,21345
2425,4160,164,11964,67000,21345
2426,4177,164,99391,67000,21345
2427,4179,164,130575,67000,21345
2428,5254,164,11593,67000,21345
2429,5396,164,24537,67000,21345
2430,6427,164,14562,67000,21345
2431,11307,164,12855,67000,21345
2432,15994,164,7215,67000,21345
2433,26227,164,1766,67000,21345
2434,28052,164,10950,67000,21345
2435,34273,164,10952,67000,21345
2436,40394,164,28708,67000,21345
2437,43311,164,7599,67000,21345
2438,43312,164,5548,67000,21345
2439,43313,164,5156,67000,21345
2440,43314,164,5180,67000,21345
2441,43315,164,9886,67000,21345
2442,4138,165,43979,58800,21900
2443,4162,165,45127,58800,21900
2444,4185,165,26901,58800,21900
2445,4202,165,40492,58800,21900
2446,5000,165,23865,58800,21900
2447,5697,165,54330,58800,21900
2448,12085,165,6113,58800,21900
2449,12165,165,23257,58800,21900
2450,14542,165,24398,58800,21900
2451,25687,165,4618,58800,21900
2452,25688,165,6292,58800,21900
2453,31561,165,17669,58800,21900
2454,37426,165,11590,58800,21900
2455,41588,165,19327,58800,21900
2456,41634,165,10463,58800,21900
2457,41770,165,19968,58800,21900
2458,42527,165,7145,58800,21900
2459,42938,165,14089,58800,21900
2460,43361,165,3665,58800,21900
2461,50075,165,10051,58800,21900
2462,4000,166,72465,58000,21965
2463,4204,166,51203,58000,21965
2464,4208,166,42274,58000,21965
2465,4240,166,60986,58000,21965
2466,4241,166,189965,58000,21965
2467,4247,166,86227,58000,21965
2468,4248,166,67869,58000,21965
2469,4257,166,121645,58000,21965
2470,4453,166,63209,58000,21965
2471,4633,166,108670,58000,21965
2472,4635,166,35133,58000,21965
2473,4673,166,23344,58000,21965
2474,5040,166,73026,58000,21965
2475,5069,166,66551,58000,21965
2476,6094,166,18059,58000,21965
2477,6095,166,120830,58000,21965
2478,11149,166,29586,58000,21965
2479,11675,166,33594,58000,21965
2480,11920,166,13649,58000,21965
2481,12135,166,64903,58000,21965
2482,12166,166,37137,58000,21965
2483,12190,166,63953,58000,21965
2484,12413,166,42108,58000,21965
2485,22573,166,44377,58000,21965
2486,22750,166,37252,58000,21965
2487,22751,166,20604,58000,21965
2488,27043,166,12552,58000,21965
2489,27708,166,41931,58000,21965
2490,29602,166,4720,58000,21965
2491,31005,166,13827,58000,21965
2492,40725,166,14885,58000,21965
2493,41552,166,26024,58000,21965
2494,41553,166,27350,58000,21965
2495,41556,166,18575,58000,21965
2496,41557,166,11752,58000,21965
2497,41633,166,7844,58000,21965
2498,41656,166,17776,58000,21965
2499,42436,166,2877,58000,21965
2500,42437,166,2320,58000,21965
2501,42929,166,10463,58000,21965
2502,42930,166,1073,58000,21965
2503,4640,167,37438,42800,15725
2504,4642,167,15898,42800,15725
2505,4644,167,628408,42800,15725
2506,4679,167,60785,42800,15725
2507,4680,167,29301,42800,15725
2508,4956,167,127324,42800,15725
2509,5043,167,58762,42800,15725
2510,5044,167,62710,42800,15725
2511,5452,167,175712,42800,15725
2512,5720,167,33853,42800,15725
2513,42524,167,13475,42800,15725
2514,4452,168,28826,45200,12140
2515,4634,168,69796,45200,12140
2516,4637,168,56471,45200,12140
2517,4638,168,32635,45200,12140
2518,4671,168,16909,45200,12140
2519,4674,168,19993,45200,12140
2520,4675,168,31033,45200,12140
2521,4676,168,34549,45200,12140
2522,4677,168,78825,45200,12140
2523,5033,168,175144,45200,12140
2524,5042,168,23327,45200,12140
2525,5280,168,35693,45200,12140
2526,5293,168,29608,45200,12140
2527,5451,168,240891,45200,12140
2528,6091,168,17270,45200,12140
2529,6212,168,19289,45200,12140
2530,39935,168,21782,45200,12140
2531,42962,168,7509,45200,12140
2532,4643,169,164962,39600,10415
2533,4895,169,230589,39600,10415
2534,5009,169,85059,39600,10415
2535,5927,169,104443,39600,10415
2536,6089,169,135490,39600,10415
2537,4037,170,29852,44000,8620
2538,4200,170,147243,44000,8620
2539,4209,170,36468,44000,8620
2540,4611,170,154718,44000,8620
2541,4636,170,32649,44000,8620
2542,4639,170,25010,44000,8620
2543,4641,170,33495,44000,8620
2544,5012,170,30698,44000,8620
2545,5031,170,56926,44000,8620
2546,5032,170,131749,44000,8620
2547,5292,170,57276,44000,8620
2548,5704,170,161411,44000,8620
2549,5705,170,279411,44000,8620
2550,6155,170,285915,44000,8620
2551,26542,170,40533,44000,8620
2552,41242,170,16495,44000,8620
2553,50069,170,5304,44000,8620
2554,4092,171,31282,41200,14040
2555,4101,171,77313,41200,14040
2556,4531,171,14551,41200,14040
2557,4923,171,179777,41200,14040
2558,4924,171,13062,41200,14040
2559,5351,171,15367,41200,14040
2560,5834,171,51508,41200,14040
2561,6061,171,20632,41200,14040
2562,6198,171,37133,41200,14040
2563,6258,171,22074,41200,14040
2564,6301,171,9243,41200,14040
2565,12260,171,7530,41200,14040
2566,22730,171,10568,41200,14040
2567,23229,171,3930,41200,14040
2568,23231,171,3058,41200,14040
2569,23233,171,3511,41200,14040
2570,27873,171,997,41200,14040
2571,27875,171,2584,41200,14040
2572,28802,171,2482,41200,14040
2573,28803,171,8784,41200,14040
2574,35968,171,6367,41200,14040
2575,37503,171,8327,41200,14040
2576,39263,171,1673,41200,14040
2577,39504,171,9814,41200,14040
2578,41105,171,10331,41200,14040
2579,41127,171,3105,41200,14040
2580,41128,171,894,41200,14040
2581,41904,171,10970,41200,14040
2582,50106,171,4277,41200,14040
2583,4527,172,8958,38000,7460
2584,4528,172,34775,38000,7460
2585,4557,172,11175,38000,7460
2586,4558,172,12844,38000,7460
2587,4604,172,9664,38000,7460
2588,4925,172,46671,38000,7460
2589,5308,172,11889,38000,7460
2590,5350,172,183568,38000,7460
2591,5370,172,37396,38000,7460
2592,6063,172,12124,38000,7460
2593,6172,172,12501,38000,7460
2594,6253,172,9828,38000,7460
2595,6273,172,6472,38000,7460
2596,16361,172,24571,38000,7460
2597,16654,172,33412,38000,7460
2598,16655,172,3503,38000,7460
2599,16670,172,3611,38000,7460
2600,16674,172,3061,38000,7460
2601,16675,172,3194,38000,7460
2602,24253,172,2285,38000,7460
2603,24777,172,2727,38000,7460
2604,27052,172,6949,38000,7460
2605,27200,172,7534,38000,7460
2606,27833,172,2646,38000,7460
2607,27836,172,7829,38000,7460
2608,36219,172,7693,38000,7460
2609,36943,172,1280,38000,7460
2610,38861,172,886,38000,7460
2611,39604,172,6523,38000,7460
2612,41877,172,10588,38000,7460
2613,41879,172,3401,38000,7460
2614,41880,172,3325,38000,7460
2615,41881,172,15763,38000,7460
2616,42063,172,1739,38000,7460
2617,42903,172,4840,38000,7460
2618,43412,172,1255,38000,7460
2619,43413,172,1338,38000,7460
2620,4655,173,39472,46000,10870
2621,4667,173,18527,46000,10870
2622,12123,173,13461,46000,10870
2623,38720,173,3789,46000,10870
2624,4131,174,11614,52400,15070
2625,4652,174,13282,52400,15070
2626,4654,174,622652,52400,15070
2627,5035,174,133043,52400,15070
2628,5454,174,81164,52400,15070
2629,5680,174,8352,52400,15070
2630,27967,174,8514,52400,15070
2631,32187,174,3076,52400,15070
2632,37819,174,7032,52400,15070
2633,41585,174,7978,52400,15070
2634,41926,174,1904,52400,15070
2635,42259,174,10081,52400,15070
2636,42525,174,1364,52400,15070
2637,42526,174,8809,52400,15070
2638,43048,174,1509,52400,15070
